,Games,Books,Steel,Autos,Coal ,ERM,SMB,HML
192607,2.93,10.97,4.07,16.39,1.54,2.96,-2.56,-2.43
192608,0.55,10.01,2.17,4.23,0.85,2.64,-1.17,3.82
192609,6.58,-0.99,0.15,4.83,0.3,0.36,-1.4,0.13
192610,-4.76,9.47,-3.85,-7.93,2.23,-3.24,-0.09,0.7
192611,1.66,-5.8,3.86,-0.66,-0.48,2.53,-0.1,-0.51
192612,2.17,0.53,3.75,10.49,1.43,2.62,-0.03,-0.05
192701,1.87,9.67,-0.39,-0.81,-3.06,-0.06,-0.37,4.54
192702,1.64,1.41,3.67,9.56,5.64,4.18,0.04,2.94
192703,1.02,-0.28,1.48,1.56,5.45,0.13,-1.65,-2.61
192704,-3.77,-0.96,-0.34,2.91,0.95,0.46,0.3,0.81
192705,0.18,3.13,3.22,5.54,3.19,5.44,1.53,4.73
192706,-7.74,12.54,-3.42,-3.37,-3.35,-2.34,0.59,-1.73
192707,1.14,1.78,10.33,13.71,2.19,7.26,-3.25,-1.14
192708,6.2,5.46,3.97,7.32,2.43,1.97,-0.69,-3.74
192709,4.18,10.04,3.77,6.28,1.46,4.76,-3.63,-0.63
192710,0.26,2.63,-7.82,-4.55,-5.33,-4.31,2.12,-4.33
192711,3.58,16.62,12.44,6.77,7.48,6.58,2.72,-0.27
192712,2.81,3.27,5.84,7.67,-3.33,2.09,0.97,-1.13
192801,-0.37,5.16,-2.42,-3.15,-3.79,-0.68,4.26,-0.75
192802,-0.89,-1.75,-2.72,0.94,-1.33,-1.7,-2.06,-0.65
192803,8.82,5.26,6.16,27.86,5.23,8.81,-0.26,-1.22
192804,5.4,21.23,1.43,1.09,1.95,4.23,3.98,3.44
192805,1.85,17.68,5.52,5.9,0.49,1.52,2.85,-3.27
192806,-5.05,-10.78,-5.84,-4.07,-6.08,-4.85,-3.52,-0.03
192807,1.56,1.13,2.74,1.28,-1.02,0.62,-1.32,-0.5
192808,9.48,6.48,9.63,9.1,1.84,6.68,-2.06,-2.15
192809,11.02,-2.36,5.58,8.22,-1.06,2.88,2.41,0.86
192810,-1.21,5.62,6.51,-0.04,-1.69,1.33,2.22,-2.16
192811,10.4,1.01,14.9,4.7,6.32,11.81,-1.78,2.7
192812,-0.66,-0.49,3.84,-0.02,-0.58,0.36,-0.86,-0.65
192901,10.26,1.52,7.78,0.96,1.75,4.66,-3.56,-1.24
192902,1.16,-1.49,8.83,0.42,0.89,-0.34,-0.38,1.66
192903,-9.83,-7.05,-0.07,-1.34,-6.52,-0.89,-4.71,1.58
192904,0.67,1.73,1.15,-1.23,-2.17,1.43,-0.97,0.59
192905,-8.07,0.31,-12.41,-15.16,-4.98,-6.39,-5.37,-1.42
192906,5.91,10.64,10.71,6.86,2.18,9.7,-2.17,-2.79
192907,-2.19,0.94,3.47,-3.92,19.82,4.46,-3.88,2.71
192908,6.21,1.5,11.82,2.03,5.26,8.18,-9.59,0.13
192909,-1.64,-1.71,-8.96,-8.98,-2.05,-5.47,1.19,-0.65
192910,-17.34,-12.22,-15.5,-28.11,-6.64,-20.12,-4.01,7.78
192911,-18.01,-3.36,-13.83,-17.63,-4.77,-12.74,-1.72,5.05
192912,-8.7,0.21,-0.45,3.97,-5.55,1.33,-4.5,-0.54
193001,28.12,2.1,5.69,6.38,0.33,5.61,3.55,-0.96
193002,17.18,6.92,0.09,3.61,4.52,2.5,0.19,0.2
193003,15.88,2.47,5.54,12.68,0.95,7.1,3.41,0.33
193004,4.79,0.95,-13.38,-8.62,-8.4,-2.06,-0.35,-0.35
193005,-3.56,-0.87,0.19,5.04,-2.02,-1.66,-2.01,-0.73
193006,-23.17,-11.97,-13.23,-22.65,-11.55,-16.27,-3.38,2.33
193007,2.77,3.65,3.41,11.81,-1.46,4.12,-0.28,-1.75
193008,3.71,-2.18,-2.46,-2.24,2.4,0.3,-2.1,-0.61
193009,-18.23,-3.78,-11.84,-16.42,-5.88,-12.75,-2.21,-4.96
193010,-8.85,-6.78,-8.95,-11.22,-11.45,-8.78,-0.12,-1.38
193011,-6.44,-2.98,-1.3,5.91,-9.62,-3.04,2.23,-3.66
193012,-15.18,-5.02,-8.76,-1.58,-8.83,-7.83,-4.6,-5.25
193101,16.19,1.78,3.01,7.05,14.16,6.24,3.45,7.12
193102,8.43,2.1,14.35,17.3,-0.64,10.88,3.59,1.92
193103,-6.32,-1.61,-7.34,-4.18,-12.9,-6.43,2.98,-3.44
193104,-27.33,-9.81,-17.27,-7.72,-9.93,-9.98,-4.45,-3.82
193105,-23.78,-10.67,-20.72,-15.88,-18.65,-13.24,5.35,-6.57
193106,22.63,1.7,19.38,15.14,22.25,13.9,-5.32,11.29
193107,-8.79,-3.03,-15.15,-2.38,-16.17,-6.62,1.42,-2.11
193108,7.08,-6.23,0.56,-2.66,-2.89,0.41,-1.95,-1.47
193109,-42.49,-22.13,-27.14,-34.88,-29.69,-29.13,0.54,-6.77
193110,18.98,-17.95,2.07,12.28,1.9,8.04,-1.87,1.7
193111,-30.43,-10.25,-10.1,-3.68,-17.73,-9.08,4.31,-5.04
193112,-30.35,-21.02,-25.59,-8.25,-22.72,-13.53,-0.55,-8.85
193201,16.99,-5.31,3.36,-7.85,5.78,-1.58,3.93,9.03
193202,6.23,-1.24,5.03,2.02,-3.5,5.46,-2.78,-1.46
193203,-22.36,-11.73,-16.69,-22.13,-16.43,-11.21,2.27,-2.32
193204,-23.96,-14.15,-19.58,-28.58,-17.53,-17.96,1.45,1.43
193205,-44.22,-26.24,-22.96,-18.45,-21.98,-20.51,3.91,-2.98
193206,11.22,-22.24,2.09,-7.46,-5.2,-0.7,0.33,5.3
193207,66.15,45.6,62.13,44.57,56.22,33.84,-4.59,35.61
193208,66.68,40.45,59.1,48.4,125.43,37.06,13.41,34.24
193209,-10.3,0.99,-10.02,5.75,-5.89,-2.94,-2.08,-7.36
193210,-25.97,-22.53,-15.78,-24.62,-21.24,-13.17,-2.56,-10.33
193211,-10.19,-3.9,-22.55,-2.72,-19.43,-5.88,2,-13.11
193212,-12.58,-11.62,-8.31,5.26,-7.23,4.4,-8.64,-7.72
193301,-24.21,0.68,2.64,0.75,9.49,1.25,0.63,6.36
193302,-19.45,-20.79,-17.03,-24.89,-23.41,-15.24,-2.58,-2.95
193303,-10.14,15.8,14.72,9.69,9.68,3.29,3.79,7.54
193304,62.14,52,80.84,81.88,35.74,38.85,3.07,19.65
193305,53.97,24.57,23.29,25.28,31.69,21.43,36.56,19.19
193306,18.86,27.44,11.3,19.69,25.02,13.11,8.42,-1.78
193307,-7.38,-22.53,-10.17,-6.8,-24.33,-9.63,-1.05,3.27
193308,29.31,22.17,11.55,19.89,16.81,12.05,-5.39,3
193309,-7.98,-26.63,-8.94,-15.13,-20.25,-10.65,-0.4,-11.74
193310,-12.74,-6.29,-12.59,-10.26,-17.87,-8.36,-0.2,-8.57
193311,4.76,-0.26,10.96,25.63,8.04,9.97,-6.47,2.32
193312,-4.14,2.86,5.05,9.6,-3.47,1.83,0.63,-1.56
193401,16.59,26.69,12.89,13.07,26.04,12.6,12.69,15.59
193402,9.56,1.03,-1.98,-2.5,-0.03,-2.5,5.1,2
193403,4.62,5.77,-1.18,-0.35,-6.62,0.09,2.51,-2.7
193404,-3.57,10.41,-4.73,-6.56,-1.79,-1.79,2.73,-3.73
193405,-2.73,-7.69,-12.58,-13.14,-9.06,-7.25,-0.29,-5.89
193406,-13.48,0.04,6.29,-2.88,3.51,2.64,-2.23,-2.96
193407,-24.92,-20.15,-16.25,-14.33,-23.12,-10.96,-6.95,-10.7
193408,21.72,3.99,8.82,11.19,8.53,5.58,5.37,0.09
193409,9.8,-2.13,-4.29,0.58,4.04,-0.23,-1.52,-1.2
193410,-5.02,-1.73,-6.04,-2.49,-0.45,-1.66,1.24,-5.08
193411,13.6,16.89,13.08,17.65,5.34,8.33,6.48,-2.15
193412,-0.83,1.52,4.16,3.56,1.19,0.36,3.06,-3.14
193501,-7.48,-3.72,-5.76,-9.15,-7.6,-3.45,1.07,-1.9
193502,-4.73,-3.11,-6.77,-3.41,-9.42,-1.94,0.37,-7.44
193503,-4.64,-2.25,-4.15,-6.29,-11.25,-3.68,-3.59,-5.12
193504,9.87,10.4,14.26,5.43,8.22,9.06,-1.47,4.47
193505,12.59,2.63,-0.31,2.75,-7.23,3.47,-3.34,2.65
193506,9.32,3.42,2.85,10.04,4.66,5.93,-2.57,-1.69
193507,3.73,2.79,19.85,18.65,6.73,7.51,1.88,6.93
193508,13.15,-2.6,6.53,8.79,2.27,2.65,6.2,6.08
193509,10.23,1.18,4.12,10.92,-0.1,2.63,1.53,-4.07
193510,3.69,13.5,5.77,13.66,-4.41,7.03,2.72,-2.37
193511,14.29,12.12,7.35,3.65,11.09,4.88,4.54,12.06
193512,2.02,1.17,4.58,6.26,-0.64,4.56,0.17,0.95
193601,13.35,4.75,6.76,4.1,8.14,6.89,5.23,10.34
193602,2.22,-3.18,10.44,3.97,8.98,2.49,0.95,4.51
193603,-5.38,6.28,1.85,10.28,-6,0.99,0.69,-1.44
193604,-11.88,-11.5,-10.88,-9.87,-13.38,-8.14,-6.06,-2.15
193605,-1.45,-0.24,6.62,4.12,2.75,5.19,0.91,2.61
193606,3.78,-4.44,-1.11,6.81,-1.51,2.4,-3.2,-1.2
193607,13.31,4.17,10.56,5.04,8.31,6.67,1,2.4
193608,8.02,6.3,6.29,-0.4,5.03,0.99,0.6,3.82
193609,3.82,0.81,1.31,3.24,4.5,0.98,3.08,0.9
193610,8.07,4.14,12.61,5.22,-0.36,7.12,-2.43,2.47
193611,12.52,0.85,4.65,-0.9,4.16,3.27,8.77,-1.21
193612,4.28,-0.77,4.5,-7.37,0.02,0.21,3.96,4.3
193701,3.36,1.84,6.21,7.3,2.3,3.35,4.34,2.61
193702,1.06,-2.21,10.79,-0.17,0.26,1.09,1.05,4.83
193703,0.99,-8.22,5.8,-3.06,6.46,-0.27,-1.69,6.5
193704,-5.01,-10.8,-15.38,-8,-10.39,-7.36,-3.83,-3.66
193705,-0.66,-10.99,0.73,-2.16,-1.98,-0.83,-0.68,-3.48
193706,-7.89,-12.6,-2.18,-10.69,-9.79,-4.21,-3.76,-3.33
193707,14.42,7.82,12.8,12.97,2.64,8.91,0.89,0.81
193708,-2.25,-5.41,-5.72,-2.43,-0.54,-4.86,0.44,-2.25
193709,-15.8,-21.52,-24.71,-12.72,-16.77,-13.61,-6.98,-4.57
193710,-10.64,-15.22,-17.21,-13.21,-12.77,-9.61,0.41,-1.55
193711,-19.48,-13.55,-8.52,-15.66,-11.08,-8.31,-3.6,0.15
193712,-12.11,-12.91,-1.8,-16.28,-10.45,-4.24,-7.74,-0.4
193801,5.08,11.96,-0.87,12.03,0.86,0.49,4.84,-1.61
193802,2.72,2.78,7.56,3.77,1.73,5.84,0.4,-2.02
193803,-31.37,-27.77,-30.27,-27.45,-31.81,-23.82,-4.34,-3.54
193804,23.06,22.51,16.23,14.77,15.86,14.51,6.46,0.23
193805,-7.38,-3.52,-10.73,-6.86,-8.58,-3.83,-2.51,-0.27
193806,30.93,32.75,41.26,36.01,28.88,23.87,4.3,0.32
193807,4.04,10.57,6.5,20.4,10.48,7.34,6.64,2.2
193808,3,-7.6,-3.39,5.76,-5.25,-2.67,-2.45,-4.72
193809,-1.11,-2.36,2.16,0.65,-4.1,0.81,-2.73,-1.62
193810,13.47,9.12,14.05,7.08,8.3,7.8,5.81,5.03
193811,-1.94,-6.41,-0.85,-1.55,-3.15,-1.72,-2.57,-1.22
193812,-0.57,-1.07,4.65,2.19,0.72,4.19,-1.82,0.53
193901,-12.33,-6.17,-12.9,-8.4,-10.26,-5.96,-1.55,-3.94
193902,3.58,0.93,4.47,7.36,4.95,3.51,0.63,2.95
193903,-21.07,-20.19,-21.16,-17.8,-17.85,-11.99,-4.75,-8.31
193904,1.53,4.84,-2.91,0.58,-1.03,-0.18,1.67,-0.3
193905,13.99,8.95,7.56,8.12,4.42,6.8,2.8,0.49
193906,-11.52,-7.9,-9.85,-6.57,-10.3,-5.31,-1.01,-5.42
193907,16.92,9.69,18.79,17.15,10.45,10.24,4.32,-0.03
193908,-15.82,-14.11,-8.63,-6.98,-6.01,-6.68,-4.61,-2.42
193909,-14.34,24.19,44.02,24.4,92.59,16.88,20.24,22.22
193910,15.61,-1.98,-4.82,-1.91,-10.19,-0.53,-0.01,-4.89
193911,-8.92,-12.17,-9.64,-3.3,-21.4,-3.62,-5.07,-6.46
193912,3.48,3.81,2.17,3.95,0.02,3.03,0.79,-4.06
194001,1.11,1.97,-9.43,-4.28,-4.09,-2.41,0.21,-0.81
194002,-0.45,1.13,5.31,2.26,5.16,1.44,2.51,-0.33
194003,1.02,2.39,0.69,3.42,2.07,2.05,1.25,-1.27
194004,-7.59,0.81,0.71,-0.78,1.8,0.22,3.92,-0.13
194005,-32.06,-30.38,-22.57,-26.11,-27.98,-21.95,-6.66,-3.69
194006,6.81,6.02,4.01,8.37,15.05,6.67,-2.13,4.62
194007,0.9,6.71,4.24,5.83,1.84,3.16,1.01,-0.74
194008,3.04,-0.45,2.74,7.22,3.17,2.19,-0.11,0.56
194009,3.07,2.08,5.57,2.93,6.76,2.39,3.22,-1.13
194010,10.25,3.99,12.82,4.33,1.45,3.02,0.28,4.64
194011,8.51,-1.77,1.73,-0.55,-2.84,-1.61,1.94,0.12
194012,8.55,-1.35,1.62,-3.14,14.05,0.69,-2.15,-0.89
194101,-1.94,0.34,-9.95,-9.54,-8.81,-4.17,1,3.83
194102,0.56,-0.98,-1.54,1.51,-1.79,-1.43,-1.56,0.89
194103,1.39,1.77,-0.54,-1.52,1.41,0.84,0.1,3.04
194104,-3.09,-4.47,-7.43,-10.4,-3.39,-5.46,-1.68,3.41
194105,-4.63,-0.66,6.02,0.45,-0.67,1.39,-0.65,0.6
194106,9.37,3.58,5.62,3.64,17.67,5.83,1.32,0.59
194107,13.88,4.61,7.57,4.68,22.86,5.87,5.71,7.25
194108,12.83,-2.42,-1.55,2.33,-1.95,-0.17,-0.42,-1.1
194109,-0.41,-2.3,-5.09,3.92,-5.87,-0.87,-0.99,-0.28
194110,-2,-8.04,-5.82,-7.88,-5.97,-5.25,-2.02,1.63
194111,2.51,-5.94,-2.23,-3.42,-1.78,-1.92,-1.21,-0.64
194112,-3.14,-14.37,6.79,-12.87,-4.32,-4.87,-2.99,-5.94
194201,5.32,14.53,0.27,6.41,3.36,0.79,7.53,10.1
194202,1.1,-0.9,-0.5,5.39,-0.65,-2.46,1.72,-1.13
194203,-4.25,-0.14,-4.52,1.47,-3.12,-6.58,1.77,-0.62
194204,-5.64,-1.74,-7.36,-4.17,-6.94,-4.37,-0.6,2.09
194205,9.43,3.97,-2.91,10.36,-0.68,5.94,-3.05,-2.65
194206,3.23,6.62,3.47,1.6,1.58,2.69,-1.22,0.54
194207,9.03,4.6,3.81,2.36,6.82,3.51,-0.15,2.4
194208,0.04,3.93,1.4,2.62,0.46,1.8,-0.09,1.35
194209,3.9,0.57,1.43,2.85,4.91,2.61,0.63,2.35
194210,6.79,11.74,6.8,6.07,5.79,6.82,1.75,6.39
194211,-1.75,0.61,-6.99,-0.34,-7.25,0.15,-1.5,-4.21
194212,7.74,1.84,3.69,8.98,1.48,5.12,-2.51,0.58
194301,2.16,14.56,9.45,5.1,10.55,7.13,8.8,8.18
194302,11.33,17.95,5.92,7.78,11.39,6.15,4.75,6.4
194303,24.75,12.61,8.35,5.95,15.19,6.01,4.99,5.48
194304,1.49,8.61,-4.02,0.9,12.6,0.81,2.05,5.82
194305,11.82,15.58,3.35,6.26,3.95,5.74,4.35,3.25
194306,0.12,-0.99,-0.84,5.09,-6.66,1.82,-1.02,-0.7
194307,-6.59,-6.41,-5.24,-9.56,-10.17,-4.77,-2.39,-2.29
194308,1.62,4.08,0.26,3.7,2.64,1.3,-0.6,-0.43
194309,3.17,4.46,1.71,1.69,4.3,2.4,1.29,1.43
194310,-2.93,-0.38,1.09,-1.29,0.31,-1.15,0.58,1.64
194311,-9.82,-10.21,-7.24,-5.7,-11.9,-5.91,-1.65,-4.02
194312,11.17,12.02,4.21,8.45,10,6.36,3.34,3.24
194401,1.8,2.16,3.14,0.86,5.9,1.74,2.55,2.16
194402,-0.93,-0.87,0.05,3.69,4.65,0.37,-0.1,0.84
194403,6.47,4.46,1.45,5.24,6.64,2.46,1.73,3.43
194404,-3.98,-2.89,-2.22,-1.2,-4.61,-1.69,-1.37,-1.14
194405,6.38,8.88,4.46,8.19,9.01,5.07,1.68,1.04
194406,9.64,17.56,9.64,8.78,3.14,5.49,4.01,1.75
194407,-4.35,-1.9,-2.07,-4.78,6.6,-1.49,0.58,-0.42
194408,-0.88,10.82,1.86,3.75,-2.79,1.57,2.33,-1.49
194409,1.48,-1.16,1.14,0.46,-3.25,0.01,0.49,-1.16
194410,-1,-2.1,-0.26,-2.51,0,0.16,-0.15,-0.33
194411,7.46,3.98,1.11,2.29,1.62,1.71,0.36,2.38
194412,7.96,0.08,6.84,4.16,13.33,4.03,2.25,5.91
194501,-3.28,10.18,2.75,1.45,0.5,2.01,2.46,0.67
194502,6.45,5.6,9.06,7.83,3.01,6.23,1.55,4.34
194503,-3.54,-8.6,-5.44,-6.23,-5.68,-3.89,-1.6,-1.74
194504,3.85,15.4,9.47,11.02,6.26,7.8,0.32,3.24
194505,7.21,3.96,-0.47,0.54,7.61,1.73,1.52,0.36
194506,-0.75,7.48,2.16,-1.34,4.74,0.39,3.12,4.21
194507,-4.27,-2.17,-2.38,-1.37,-1.54,-2.17,-1.52,-2.62
194508,8.67,12.42,6.73,9.81,-3.92,6.2,1.5,-4.27
194509,9.43,11.78,8.02,2.63,10.71,4.77,1.7,0.42
194510,12.21,10.84,4.8,0.6,9.1,3.89,2.38,2.13
194511,17.15,2.22,6.79,2.46,3.81,5.39,4.31,3.96
194512,5.96,-0.3,0.45,2.16,3.11,1.2,2.1,-2.28
194601,14.16,8.01,13.49,7.12,9.77,6.24,3.91,2.48
194602,-0.37,-6.1,-7.57,-8.97,-0.96,-5.83,-0.71,-1.46
194603,12.5,4.91,3.54,1.97,-1.46,5.87,0.29,-0.54
194604,9.14,15.37,3.91,1.39,5.68,4.23,2.35,0.32
194605,-4.47,0.77,6.74,4.37,4.97,3.93,1.46,1.28
194606,-4.42,-9.12,-2.33,-5.94,-5.21,-3.89,-1.58,-0.39
194607,-1.39,-5.09,-2.62,-4.31,0.05,-2.69,-2.07,0.07
194608,-5.6,-11.56,-7.54,-9.91,-3.09,-6.44,-1.84,0.55
194609,-12.48,-12.08,-11.98,-14.37,-11.53,-10.17,-4.4,-1.92
194610,-3.24,-0.84,1.45,-3.28,0.28,-1.44,0.1,3.46
194611,1.15,-1.95,2.14,-1.69,-0.91,-0.01,-0.44,1.47
194612,-1.22,3.82,5.09,5.96,2.9,4.96,0.08,-1.36
194701,-2.97,1.18,1.01,10.46,3.46,1.25,2.2,-0.73
194702,-4.98,-1.57,-0.91,1.78,-0.15,-1.08,0.68,0.15
194703,-3.82,-2.63,-1.73,-2.78,4.71,-1.67,-1.62,0.61
194704,-7.61,-11.33,-6.56,-4.53,-5.42,-4.8,-3.96,0.85
194705,1.65,-6.35,-2.44,-2.66,-5.11,-0.97,-3.26,0.33
194706,2.18,7.76,2.28,6.03,11.17,5.29,-0.3,-0.59
194707,5.42,4.15,7.29,4.71,17.04,4.14,1.43,2.82
194708,-10.45,-0.22,-0.61,-1.09,0.73,-1.74,0.32,0.18
194709,-0.95,-2.26,0.54,0.45,11.83,-0.54,1.64,1.36
194710,-1.08,4.03,5.62,2.66,2.63,2.47,0.51,0.07
194711,-2.48,-5.73,-0.13,-2.72,4.49,-1.97,-1.71,1.1
194712,-6.52,-1.07,3.73,2.48,4.33,3,-2.46,3.71
194801,-5.47,-3.43,-4.1,-5.15,-1.17,-3.93,2.5,1.39
194802,-6.17,-4.64,-5.02,-5.66,-5.43,-4.38,-1.72,0.07
194803,25.22,5.86,12.83,7.26,10.55,8.07,0.14,4.5
194804,-2.93,6.05,2.33,0.94,4.75,3.65,-1.65,4.11
194805,6.98,8.32,8.08,14.24,11.07,7.3,0.91,-1.27
194806,-10.31,0.37,0.19,0.52,1.41,-0.1,-1.82,2.81
194807,-7.55,-4.27,-3.9,-4.58,-2.98,-5.09,-0.33,0.14
194808,5.62,0.97,1.64,1.14,0.01,0.25,-1.11,0.28
194809,-7.22,-6.73,-2.16,-3.5,-5.58,-2.97,-1.23,-1.71
194810,2.31,0.99,8.4,7.8,7.36,5.96,-1.5,0.58
194811,-3.81,-11.21,-12.59,-12.14,-4.77,-9.3,-0.6,-4.13
194812,5.95,-2.22,2,3.97,-2.01,3.26,-2.82,-1.94
194901,1.63,4.27,0.8,2.68,-4.73,0.23,1.77,1.23
194902,1.66,-7.36,-5.86,-3.52,-8.16,-2.93,-1.9,-0.86
194903,3.77,9.38,1.38,3.55,5.12,4.04,2.5,1.29
194904,-0.06,-0.33,-4.95,-4.01,-8.2,-1.87,-0.89,-1.13
194905,-2.4,-2.21,-6.52,-2.96,-0.85,-2.94,-0.79,-2.37
194906,0.83,0.15,-1.27,1.02,0.1,0.1,-0.91,-1.65
194907,0.98,3.65,7.86,9.13,6.51,5.54,0.55,0.37
194908,0.05,5.62,-0.28,1.81,2.96,2.6,0.2,-0.55
194909,1.48,2.54,3.56,2.39,3.52,3.09,1,0.19
194910,3.65,2.24,5.09,7.2,-0.65,3.14,1.04,-0.48
194911,0.38,-2.57,2.67,4.44,4.02,1.82,-1.02,-0.96
194912,10.38,7.06,6.31,8.81,-2.47,5.13,2.06,1.77
195001,-0.65,2.58,3.69,1.66,3.55,1.7,3.33,0.12
195002,-7.17,-1.95,3.38,3.73,-3.03,1.48,0.03,-0.79
195003,-1.64,-3.15,-1.51,1.59,1.03,1.26,-1.44,-2.81
195004,3.43,2.12,7.58,10.4,-3.29,3.94,1.94,1.3
195005,-4.25,0.35,6.14,6.86,7.96,4.31,-2.1,0.46
195006,-6.15,-6.32,-4.14,-3.93,-7.62,-5.94,-2.34,-0.7
195007,4.8,-4.24,12.15,-1.1,20.48,1.36,0.69,13.56
195008,2.88,8.57,4.74,8.92,4.94,4.85,0.76,-1.5
195009,10.93,14.19,3.22,8.38,3.23,4.81,0.49,-1.07
195010,-5.89,-0.63,4,0.41,-2.66,-0.18,-0.47,1.3
195011,-1.32,-2.01,5.25,-1.84,4.9,2.76,-0.89,3.33
195012,1.03,2.29,7.63,2.3,13.84,5.54,1.47,7.36
195101,4.81,6.96,8.48,9.01,4.01,5.7,1.76,3.64
195102,4.58,0.11,-2.31,2.96,0.26,1.41,0.08,-2.85
195103,-5.59,-4.33,-5.14,0.92,-5.97,-2.15,-0.77,-4.1
195104,1.49,2.76,6.57,4.32,-2.51,4.86,-1.45,3.27
195105,-4.4,-5.19,-3.74,-5.01,-0.68,-2.34,0,-1.37
195106,-0.06,-3.57,-8.19,-6.66,-0.16,-2.62,-2.06,-3.75
195107,7.21,1.92,9.7,4.35,5.24,6.94,-1.99,2.06
195108,6.15,3.96,9.8,7.15,8,4.27,0.99,-0.13
195109,9.67,-0.72,1.3,2.52,5.17,0.7,1.87,0.63
195110,-3.58,-0.19,-1.5,-2.02,-1.55,-2.53,-0.22,0.23
195111,-0.19,2.05,1.21,1.51,4.11,0.57,-0.32,-0.06
195112,-2.09,-2.43,0.45,3.53,-0.79,3.33,-2.26,-1.59
195201,-0.18,-1.79,3.04,-1.31,4.96,1.45,-0.61,1.55
195202,0.07,-2.13,-6.14,-0.24,1.28,-2.62,0.82,-0.61
195203,0.84,3.55,1.86,8.84,0.41,4.44,-2.99,2.17
195204,-5.89,-2.78,-7.82,-3.86,-8.02,-4.97,0.46,-0.1
195205,-7.83,2.26,2.54,4.16,4.86,3.2,-1,0.04
195206,1.03,0.62,5.75,6.21,2.11,3.83,-1.64,1.24
195207,-1.22,1.75,3.3,2.41,0.52,0.91,-0.4,-0.35
195208,5.31,-1.5,-2.35,1.55,-0.91,-0.76,1.15,0.01
195209,-1.44,-0.32,-3.85,-0.94,0.53,-2.03,1.11,-1.52
195210,-6.05,0.17,-1.56,1.32,-2.13,-0.66,-1.05,-0.46
195211,8.7,3.49,7.81,7.51,9.68,5.94,-0.72,0.97
195212,6.51,2.51,4.22,7.06,-1.82,2.93,-1.48,0.19
195301,0.45,3.34,1.42,-0.44,2.05,-0.34,3.61,1.32
195302,4,4.33,-0.39,-1.17,-0.59,-0.27,2.15,-0.09
195303,4.91,-0.31,-4.72,-4.55,-6.58,-1.43,-0.22,-0.85
195304,-2.55,-1.68,-2.04,-2.06,-6.8,-2.83,0.3,1.57
195305,-0.02,0.49,0.04,-0.24,-0.33,0.52,-0.07,0.23
195306,-1.91,-3.7,-2.8,-2.99,-3.45,-1.89,-1.87,-0.47
195307,3.17,-0.5,3.34,0.6,0.42,2.4,-1,-0.22
195308,-6.35,-4.69,-8.02,-6.54,-7.12,-4.52,0.29,-3.53
195309,-2.69,1.58,-0.46,-0.38,-3.48,0.2,-0.84,-2.44
195310,2.69,5.13,8.27,8.06,1.55,4.6,-1.35,-0.25
195311,10.24,2.08,2.04,0.85,3.22,2.83,-1.3,-0.15
195312,2.24,2.58,-0.84,-0.75,-4.64,0.03,-0.85,-2.84
195401,3.27,4.09,7.56,5.65,9.49,5.13,0.48,3.44
195402,2.38,3.91,0.31,1.52,-6.8,1.67,-0.19,-0.29
195403,4.66,2.39,6.07,3.74,0.79,3.65,-0.54,-1.5
195404,0.99,5.13,6.59,3.57,-1.98,4.27,-3.44,-0.34
195405,3.47,1.78,6.93,4.3,8.22,3.09,0.41,2.45
195406,1.11,2.67,1.41,1.63,3.49,1.07,0.38,0.01
195407,7.65,4.41,7.96,10.2,0.95,4.99,1.06,4.13
195408,5.86,-0.15,-6.3,-3.7,3.67,-2.34,2.69,-1.38
195409,5.75,2.71,7.67,13.82,7.62,6.39,-2.53,0.68
195410,-5.83,-2.88,0.26,-0.41,-5.28,-1.67,0.62,0.67
195411,8.4,5.08,15.4,5.72,20.35,9.38,-2.62,4.4
195412,10.15,4.92,12.26,7.67,10.2,5.48,2.12,5.66
195501,-1.42,0.24,3.4,0.77,-3.45,0.6,0.36,2.14
195502,2.23,4.63,4.41,-0.97,7.41,3.02,1.59,0.58
195503,-3.08,-3.31,2.96,0.11,0.24,-0.16,-0.74,1.97
195504,5.94,0.5,2.67,5.38,-2.14,3.11,-1.62,0.68
195505,0.68,-0.5,2.08,-0.65,8.62,0.93,-0.28,-0.96
195506,3.6,5.12,12.45,9.47,9.61,6.55,-4.65,1.84
195507,-0.1,1.23,0.47,17.46,-2.67,1.9,-1.17,0.35
195508,-1.06,-2.72,6.21,-3.31,5.87,0.21,-0.44,0.72
195509,-5.29,0.23,0.68,9.22,-3.98,-0.36,0.35,-0.99
195510,-3.31,-0.16,-5.47,-4.9,0.83,-2.68,1.48,-0.15
195511,2.71,6.99,8.85,9.53,11,7.03,-2.22,0.33
195512,-1.51,1.51,2.07,-2.95,7.95,1.49,2.16,-2.3
195601,-5.4,-1.44,-3.9,-6.97,5.86,-3.03,0.37,0.95
195602,8.04,3.76,4.83,5.38,12.1,3.77,-0.98,-0.43
195603,0.42,3.02,9.93,4.6,9.34,6.64,-2.09,-0.46
195604,2.92,2.57,3.63,-5,-6.25,0.28,0.01,-0.24
195605,-3.6,1.59,-9.41,-4.79,-3.18,-5.2,1.45,-1.31
195606,1.14,3.74,5,7.41,10.35,3.48,-1.48,-1.13
195607,1.1,4.47,10.87,4.58,2.25,4.84,-1.66,-0.04
195608,1.42,4,-1.88,0.47,-5.87,-3.18,1.89,-0.74
195609,-2.7,-6.29,-4.64,-2.37,-2.09,-5.14,1.57,1.76
195610,1.05,2.12,0.68,-0.14,8.03,0.52,-0.1,-0.06
195611,0.26,-0.27,2.4,-3.38,5.28,0.36,-0.21,1.78
195612,3.29,-2.88,4.03,2.27,-0.98,3.16,-0.01,-2.15
195701,1.56,1.77,-9.57,-6.46,-4.94,-3.58,3.37,2.81
195702,-2.3,0.3,-4.14,-2.08,-6.92,-2.06,-0.72,-0.72
195703,2.7,1.28,2.21,0.66,1.33,2.13,0.26,-0.48
195704,2.66,7.69,4.41,7.99,-1.77,4.26,-1.59,-1.45
195705,4.26,5.89,2.18,1.71,5.44,3.45,-1.05,-2.1
195706,0.51,2.44,1.37,0.27,-2.47,-0.74,0.54,0.01
195707,1.72,0.01,-0.32,3.73,-1.09,0.66,-0.76,0.43
195708,-4.99,-4,-7.01,-3.42,-6.98,-5.11,0.05,-0.41
195709,-5.49,-0.14,-8.74,-7.38,-9.37,-5.98,0.08,0.92
195710,-9.65,-7.52,-7.62,-3.41,-4.73,-4.32,-2.52,-1.8
195711,4.19,1.37,-1.01,-3.92,-1.46,2.3,0.4,-2.87
195712,-4.32,-0.06,-8.85,-6.52,-7.79,-3.91,-0.98,-1.62
195801,9.98,5.7,8.56,3.64,9.06,4.66,4.39,4.19
195802,-0.59,-4,0.42,-2.21,-2.7,-1.52,0.65,0.33
195803,2.1,3.29,2.06,2.52,1.08,3.27,0.65,-0.97
195804,1.98,4.95,1.37,4.37,4.76,3.09,-0.62,1.61
195805,5.41,3.47,6.82,4.18,6.29,2.31,2.16,-0.26
195806,5.27,0.55,0.93,3.06,2.43,2.93,-0.19,0.4
195807,2.45,-0.92,11.55,10.23,12.45,4.39,0.47,3.06
195808,7.05,8.61,3.05,-0.17,2.62,1.91,1.18,0.36
195809,8.39,7.76,8.35,9.49,-0.37,4.66,0.12,2.85
195810,7.92,5.25,4.91,2.78,2.56,2.53,1.09,-1.18
195811,4.77,8.08,0.6,2.96,-0.95,3.01,1.97,-1.18
195812,0.29,-1.64,6.74,3.65,3.99,5.15,-2.03,0.03
195901,4.49,3.87,1.38,-0.42,1.87,0.71,3.02,2.91
195902,6.1,-1.41,1.3,-0.59,-1.07,0.95,1.46,1.16
195903,4.86,-0.11,-3.67,-1.14,0.58,0.28,1.49,-0.34
195904,11.22,0.11,2.11,9.08,-0.43,3.66,-0.6,-1.23
195905,-1.56,-1.82,5.06,4.58,-1.13,1.73,-2.16,1.79
195906,4.17,0.7,4.9,0.31,2.16,-0.25,0.67,1.31
195907,4.12,9.04,3.41,7.21,10.96,3.17,-0.3,0.23
195908,-2.06,2.58,2.04,0.74,-0.05,-1.39,-0.76,0.44
195909,-5.09,-5.37,-5.18,-4.37,-5.9,-4.8,-0.09,0.55
195910,7.85,5.32,-1.3,-0.08,5.27,1.28,1.44,-2.1
195911,3.93,0.72,-0.36,-0.19,0.72,1.6,1.23,-3.21
195912,1.97,7.63,2.52,4.93,2.41,2.45,-0.58,-0.07
196001,1.56,-5.14,-9.05,-11.21,-7.58,-6.98,2.09,2.78
196002,4.52,2.68,-1.74,-1.94,-2.68,1.17,0.51,-1.93
196003,-0.3,2.53,-5.23,-5.68,-5.12,-1.63,-0.49,-2.94
196004,6.64,-0.98,-5.34,-1.67,-2.78,-1.71,0.32,-2.28
196005,7.55,11.94,2.62,0.53,2.68,3.12,1.21,-3.7
196006,2.5,0.26,1.56,-0.06,-1.1,2.08,-0.21,-0.34
196007,-4.58,0.36,-2.25,-1.37,2.17,-2.37,-0.51,1.98
196008,7.33,3.8,0.8,3.28,3.64,3.01,0.87,-0.18
196009,-2.15,-6.04,-8.08,-6.13,-5.03,-5.99,-1.11,1.62
196010,0.31,2.6,-2.14,-1.34,-1.41,-0.71,-4.08,2.83
196011,14.03,10.24,1.4,-0.19,6.77,4.69,0.4,-2.43
196012,7.92,7.57,4.95,-0.37,1.74,4.71,-1.55,-0.81
196101,0.74,9.66,8.49,8.52,11.05,6.2,0.64,3.72
196102,22.47,2.29,5.88,3.95,9.38,3.57,3.93,-0.66
196103,7.39,4.97,2.04,2.85,-0.56,2.89,3.3,-0.73
196104,-2.04,-6.2,-1.44,-2.36,0.68,0.29,0.07,2.12
196105,-3.72,2.89,6.07,3.51,7.82,2.4,2.01,0.37
196106,-5.66,-3.65,-7.45,-0.69,-4.21,-3.08,-2.49,-0.14
196107,-1.06,-2.36,4.34,5.92,3.41,2.83,-1.9,-0.09
196108,1,1.05,0.32,1.51,1.76,2.57,-1.75,-0.28
196109,1.43,0.92,-7.76,3.87,1.33,-2.15,-1.07,-0.61
196110,-5.07,1.14,-1.64,0.41,4.83,2.57,-1.65,0.15
196111,0.4,3.89,1.84,8.42,6.24,4.45,1.26,-1.23
196112,2.21,-3.46,3.28,2.58,0.29,-0.18,-0.85,1.79
196201,-13,-3.19,-3.75,-0.33,4.91,-3.87,1.77,5.13
196202,-1.83,-0.33,-0.85,-1.26,0.66,1.81,-1.15,0.82
196203,-5.16,0.6,0.94,0.57,-4.48,-0.68,0.52,-1.38
196204,-10.81,-8.51,-10.44,-6.17,-9.89,-6.59,-0.7,0.03
196205,-11.13,-14.59,-7.19,-4.72,-9.7,-8.65,-3.34,2.77
196206,-15.57,-16.31,-10,-6.65,-6.96,-8.47,-0.59,2.55
196207,-2.36,6.66,3.23,6.77,10.52,6.28,1.52,-3.41
196208,5.94,4.23,-0.37,3.01,1.48,2.13,1.22,-1.2
196209,-10.31,-4.51,-8.42,-3.04,-3.86,-5.22,-2.42,1.28
196210,-8.71,0.08,0.85,2.43,-2.02,-0.05,-3.97,1.3
196211,15.76,12.27,15.1,7.23,10.65,10.87,2.61,0.95
196212,2.06,-3.65,-4.52,3.12,0.56,1.01,-3.8,0.36
196301,8.7,6.55,7.85,7.34,8.17,4.93,3.08,2.21
196302,-6.67,-1.94,-2.11,-2.79,-0.53,-2.38,0.48,2.18
196303,1.11,-0.87,2.27,6.41,6.28,3.08,-2.59,2.06
196304,-0.81,7.95,5.41,6.01,4.36,4.51,-1.34,1
196305,4.43,0.55,6.61,7.22,3.79,1.76,1.13,2.54
196306,-1.31,1.01,-3.79,-3.68,-1.75,-2,-0.27,0.75
196307,-3.46,-0.03,-1.6,0.04,0.54,-0.39,-0.45,-0.97
196308,5.99,4.65,8.31,7.28,8.11,5.07,-0.98,1.8
196309,-4.14,2.66,0.28,0.38,-4.97,-1.57,-0.33,0.13
196310,10.22,-1.13,1.58,11.4,9.25,2.53,-0.58,-0.1
196311,-2.34,-0.14,-1.83,-5.86,0.85,-0.85,-1.17,1.75
196312,-2.09,-0.24,1.51,-0.95,5.41,1.83,-2.16,-0.02
196401,-1.02,4.38,4.44,1.11,4.5,2.24,-0.11,1.48
196402,2.47,6.78,2.89,3.17,0.37,1.54,0.11,2.81
196403,2.58,-0.97,6.97,0.79,-2.05,1.41,0.87,3.4
196404,-4.42,2.11,-3.57,2.92,-4.48,0.1,-1.35,-0.67
196405,-3.85,1.47,1.19,2.35,0.91,1.42,-0.86,1.86
196406,-1.21,3.82,0.89,1.73,-2.39,1.27,-0.12,0.62
196407,0.34,-0.24,0.62,5.87,1.41,1.74,0.24,0.75
196408,-3.42,-1.39,-0.08,1.91,-0.5,-1.44,0.16,0.08
196409,5.47,2.25,5.51,4.74,5.32,2.69,-0.54,1.7
196410,0.79,2.49,-2.63,-0.02,0.04,0.59,0.42,1.17
196411,-1.95,1.77,-4.82,-2.46,0.97,0,0.69,-1.96
196412,-1.3,0.92,-1.71,2.23,1.76,0.03,-0.35,-2.48
196501,8.69,8.67,4.91,2.91,3.74,3.54,2.7,0.12
196502,5.21,1.35,2.97,-1.11,-0.51,0.44,3.55,0.11
196503,3.87,2.87,0.04,1.79,-0.1,-1.34,1.89,1.03
196504,3.98,5.54,5.2,7.04,-2.07,3.11,1.1,0.66
196505,2.25,0.55,-0.73,-4.01,-2.48,-0.77,0.11,-1.61
196506,-10.06,-6.39,-6.86,-7.14,-5.99,-5.51,-4.34,0.59
196507,5.8,3.58,3.12,1.57,1.92,1.43,0.89,2.2
196508,6.86,7.12,2.75,2.74,3.27,2.73,2.84,-1
196509,11.69,2.47,2.08,4.89,0.32,2.86,0.64,-0.13
196510,11.68,5.96,5.27,6.37,15.55,2.6,2.52,1.56
196511,11.72,7.41,-4.38,-4.78,-0.8,-0.03,4.68,0.15
196512,3.91,3.66,8.11,1.16,0.7,1.01,2.06,2.03
196601,10.91,1.73,4.37,0.37,1.12,0.72,3.84,3.56
196602,7.39,0.41,-1.9,-1.61,-0.02,-1.21,4.4,0.33
196603,3.26,2.91,-2.28,-5.33,0.18,-2.51,0.99,-1.98
196604,5.74,3.92,1.73,-1.43,0.93,2.14,3.43,-0.46
196605,-13.79,-5.42,-7.9,-6.91,-2.54,-5.66,-4.6,-1.63
196606,-4.89,2.44,-0.89,-1.34,-8.5,-1.44,1.03,0.5
196607,-3.27,-0.81,-4.07,0.43,3.34,-1.63,-0.36,0.95
196608,-3,-9.2,-7.48,-7.84,4.76,-7.91,-3.27,0.43
196609,-11.79,0.78,-2.3,0.99,3.89,-1.06,-1.04,0.56
196610,-7.27,-0.5,6.78,-0.14,-1.62,3.86,-6.52,2.69
196611,3.6,9.34,-0.25,-6.93,6.15,1.4,4.24,-4.69
196612,-4.44,3.07,3.28,-0.5,7.19,0.13,1.97,-1.19
196701,18.64,11.6,15.42,13.57,7.03,8.15,8.32,2.27
196702,1.33,5.05,-3.42,-1.13,3.1,0.78,3.35,-2.22
196703,-0.18,7.55,5.18,5.4,9.83,3.99,1.55,0.37
196704,10.6,6.26,3.23,9.48,5.77,3.89,0.63,-2.48
196705,-7.41,-3.66,-1.91,-6.4,-0.5,-4.33,1.9,1.09
196706,10.65,-5.88,1.47,0.85,6.61,2.41,5.93,0.85
196707,6.54,4.62,7.74,9.08,3.24,4.58,3.12,2.73
196708,0.7,-0.66,0.74,-0.62,0.49,-0.89,0.42,1.44
196709,5.92,2.2,0.26,5.28,4.97,3.11,3.06,-2.5
196710,-0.21,-6.57,-10.04,-5.47,-0.21,-3.09,1.46,-3.3
196711,-4.23,3.41,-0.11,0.58,-3.01,0.37,0.21,-1.7
196712,3.33,0.04,4.76,4.18,6.09,3.05,5.73,-0.53
196801,-3.84,-3.96,-4.74,-4.4,2.45,-4.06,3.92,4.8
196802,-5.31,-5.03,-4.22,-3.1,-6.98,-3.75,-2.94,1.28
196803,5.04,2.19,-0.69,-0.32,4.54,0.2,-1.34,-0.59
196804,17.25,14.11,7.2,11.33,13.17,9.05,5.68,-1.13
196805,6.22,3.49,5.18,0.74,11.01,2.28,6.4,0.85
196806,-4.97,-0.38,0.65,0.01,0.48,0.69,-0.19,0.73
196807,-4.14,-6.41,-6.61,-2.41,-2,-2.72,-1.36,5.39
196808,4.51,-0.13,1.52,1.67,-1.48,1.34,2.34,1.01
196809,12.73,4.87,7.83,6.81,7.04,4.03,2.8,0.3
196810,-0.63,3.32,2.79,3.88,-4.96,0.42,-0.48,2.86
196811,6.5,1.52,5.48,-2.02,9.38,5.43,2.34,-0.92
196812,-4.18,-5.02,0.82,-4,0.16,-3.94,3.37,-0.01
196901,-2.3,-4.5,2.72,-1.29,0.97,-1.25,-0.74,1.67
196902,-6.86,-7.04,-8.41,-2.65,-7.28,-5.84,-3.92,0.91
196903,0.72,3.75,2.88,4.92,-5.89,2.64,-0.3,-0.51
196904,5.88,0.05,0.78,-0.19,-10.59,1.46,-0.86,-0.03
196905,-3.59,1.89,-2.91,0.89,0.4,-0.1,-0.21,0.7
196906,-12.75,-10.72,-10.26,-5.99,-10.35,-7.18,-5.37,-1.08
196907,-8.6,-10.84,-6.53,-7.76,5.58,-7,-3.24,1.2
196908,8.03,8.89,0.38,2.44,4.78,4.68,0.93,-3.79
196909,1.63,-0.14,-1.04,-0.53,-0.55,-2.98,1.18,-3.27
196910,8.62,7.92,8.16,4.98,10.76,5.06,3.91,-3.16
196911,-6.63,-4.24,-4.56,-4.11,3.98,-3.79,-2.58,-1.19
196912,-5.4,-3.1,-1.3,-3.18,5.11,-2.63,-3.71,-2.86
197001,-7.16,-11.48,-5.73,-8.78,-0.17,-8.1,2.93,3.13
197002,6.83,1.17,10.98,7.39,16.82,5.13,-2.58,3.93
197003,-2.72,-3.11,0.8,4.58,-3.29,-1.06,-2.32,3.99
197004,-20.5,-15.45,-9.42,-9.19,-14.7,-11,-6.15,6.18
197005,-9.84,-16.07,-9.36,-5.22,5.87,-6.92,-4.59,3.33
197006,-9.48,-9.36,-6.48,-3.44,-3.03,-5.79,-2.13,0.6
197007,8.24,12.64,3.53,8.93,6.33,6.93,-0.5,0.9
197008,8.69,5.87,-0.02,9.05,-2.94,4.49,1.52,1.15
197009,10.31,7.28,4.18,1.36,24.1,4.18,8.59,-5.47
197010,-4.14,-2.05,-5.03,-2.82,6.32,-2.28,-4.21,0.22
197011,8.16,2.14,1.95,8.37,8.88,4.6,-3.94,1.69
197012,4.32,12.94,7.45,6.06,5.59,5.72,2.92,1
197101,11.51,5.33,4.26,2.02,3.37,4.84,7.36,1.33
197102,5.95,7.47,-0.13,0.06,3.75,1.41,1.86,-1.23
197103,11.31,4.53,4,2.46,8.88,4.13,2.62,-3.95
197104,6.73,5.44,2.82,8.62,2.83,3.15,-0.49,0.69
197105,-0.54,-6.31,-3.67,-4.8,-7.81,-3.98,-1.04,-1.44
197106,0.91,-0.6,-4.71,-1.5,5.42,-0.1,-1.47,-1.87
197107,-10.02,-2.43,-7.56,-3.41,-11.2,-4.5,-1.48,0.02
197108,8.75,3.89,8.64,9.81,4.19,3.79,-0.17,2.63
197109,-3.34,1.59,-7.38,0.21,-8.13,-0.85,0.51,-2.91
197110,-6.42,-3.28,-10.21,-5.88,-9.61,-4.42,-1.76,-0.48
197111,0.94,-4.61,-2.53,-0.4,-3.73,-0.46,-2.77,-1.68
197112,13.86,12.45,13.95,6.2,16.89,8.71,3.29,-0.4
197201,10.02,1.4,4.36,2.84,9.18,2.49,5.85,2.24
197202,7.15,6.18,6.83,0.13,-3.61,2.87,1.3,-2.79
197203,-1.03,-1.71,0.26,4.73,-12.5,0.63,-0.24,-1.61
197204,0.53,2.94,0.18,-2.6,4.2,0.29,0.11,0.12
197205,5.61,1.73,-1.47,-2.85,-8.45,1.25,-2.69,-2.7
197206,-2.16,-3.29,-5.41,-2.71,-13.33,-2.43,0.27,-2.48
197207,-3.9,-5.78,-3.87,-1.11,-10.98,-0.8,-2.87,0.66
197208,-2.52,0.11,8.42,4.32,11.24,3.26,-4.03,4.54
197209,-2.91,-1.81,-3.93,-1.11,-15.31,-1.14,-2.65,0.46
197210,-0.09,-3.61,-1.89,-3.63,-4.88,0.52,-2.73,1.34
197211,4.7,5.07,13.29,10.2,15.71,4.6,-1.2,4.85
197212,5.75,1.87,-5.64,-0.47,-3.36,0.62,-1.95,-2.19
197301,-13.14,-7.56,-1.17,-5.89,13.85,-3.29,-3.49,2.68
197302,-11.68,-4.83,-1.58,-6.49,-0.09,-4.85,-3.87,1.6
197303,-4.23,-1.82,3.68,-2.2,0.64,-1.3,-2.82,2.62
197304,-8.72,-12.16,-1.17,-3.12,-9.51,-5.68,-3.85,5.41
197305,-5.96,-3.03,-5.16,-5.95,-2.06,-2.94,-6.3,0.41
197306,-10.05,-4.18,-2.67,-2.93,-10.08,-1.57,-2.86,1.2
197307,15.67,10.56,7.07,5.79,-3.88,5.05,7.97,-5.31
197308,-1.95,-4.11,1.1,-3.28,-10.96,-3.82,-2.13,1.24
197309,4.66,8.27,9.86,7.37,29.12,4.75,3.04,2.01
197310,-7.23,-4.06,7.4,-7.02,11.6,-0.83,-0.45,1.94
197311,-25.93,-16.77,-14.13,-21.22,-12.05,-12.75,-7.67,3.87
197312,-3.5,-4.36,10.52,-3.56,10.36,0.61,-5.35,3.85
197401,8.81,-0.18,4.9,11.58,5.71,-0.17,9.68,6.02
197402,-1.65,-3.45,3.44,-0.46,5.55,-0.47,-0.18,2.81
197403,4.54,3.96,-2.66,-0.03,4.61,-2.81,2.6,-0.32
197404,-7.72,-5.51,0.18,-2.25,2.52,-5.29,-0.74,0.85
197405,1.03,-1.95,-8.87,2.33,-8.22,-4.68,-2.96,-2.02
197406,-6.04,1.25,3,-3.45,-6.25,-2.83,-0.17,0.77
197407,-13.04,-6.44,3.98,-10.93,-8.96,-8.05,0.84,5.16
197408,-1.3,-11.32,-7.99,-4.42,-1.65,-9.35,-0.73,2.64
197409,-20.3,-6.69,-8.14,-9.44,-6.08,-11.77,0.27,5.58
197410,9.25,2.25,9.81,-2.31,46.41,16.1,-3.46,-9.87
197411,-3.31,-2.37,-1.4,-6.23,3.94,-4.51,-1.21,-0.2
197412,-10.08,-4.28,-3.83,-0.23,0.59,-3.45,-4.83,0.11
197501,31.08,23.33,17.73,22.55,18.18,13.66,11.14,8.28
197502,12.96,9.23,1.63,0.5,-2.61,5.56,0.16,-4.44
197503,14.97,8.97,11.63,6.85,18.11,2.66,3.78,2.38
197504,8.44,6.71,9.51,3.25,21.98,4.23,-0.65,-1.14
197505,3.45,3.82,-5.11,3.79,23.31,5.19,3.83,-4.1
197506,5.84,3.63,6.37,9.56,-3.1,4.83,0.87,1.38
197507,-6.71,-5.79,-6.6,1.21,-3.23,-6.59,2.7,1.69
197508,-2.39,-2.8,3.74,-2.63,-3.79,-2.85,-3.25,-0.95
197509,-2.38,-5.78,-5.25,-1.17,1.59,-4.26,-0.1,0.39
197510,0.64,7.29,-2.82,9.41,-15.88,5.31,-4.03,0.28
197511,3.55,3.52,1.63,4.24,2.94,2.64,-1.2,2.03
197512,-3.05,-0.5,2.13,1.11,3.12,-1.6,-0.78,1.69
197601,20.63,15.91,21.22,13.88,21.62,12.16,4.81,8.63
197602,2.95,2.01,5.2,4.31,1.18,0.32,7.06,5.87
197603,-0.43,-1.81,-0.04,4.75,-4.07,2.32,-1.16,-0.12
197604,-1.73,-2.42,1.36,1.37,11.74,-1.49,-0.11,-0.16
197605,-1.41,-3.15,0.41,-2.89,10.12,-1.34,-1.23,-1.36
197606,4.61,4.06,4.71,3.19,5.16,4.05,-1.32,0.71
197607,-3.91,1.6,-2.46,-0.36,-6.76,-1.07,0.29,1.73
197608,-3.43,-0.78,-3.61,-0.23,-8.6,-0.56,-2,0.81
197609,-0.18,5.01,1.66,5.85,7.37,2.07,-0.02,-0.29
197610,-0.71,-0.44,-5.94,-1.74,-4.35,-2.42,0.22,-0.18
197611,-0.9,4.4,-0.14,0.58,0.52,0.36,2.32,1.51
197612,12.45,8.69,7.6,9.97,6.5,5.65,3.03,2.27
197701,-5.26,-1.97,-3.8,-3.09,-1.03,-4.05,4.76,4.27
197702,-5.04,-2.29,-0.56,-3.12,3.17,-1.94,1.04,0.47
197703,-0.36,-1.5,0.6,-5.11,1.3,-1.37,1,1.09
197704,-2.01,1.03,0.93,2.2,-3.85,0.15,-0.12,3.38
197705,-2.1,0.58,-5.8,-0.41,-10.68,-1.45,1.18,0.85
197706,7.89,8.25,-0.03,4.58,10.22,4.71,2.09,-0.74
197707,-0.36,-0.17,-7.41,-2.58,-9.02,-1.69,2.16,-0.56
197708,0.01,-1.13,-5.22,-1.15,-5.03,-1.75,1.48,-2.7
197709,-1.94,-1.15,-5.75,2.93,-0.02,-0.27,1.34,-0.52
197710,-6.23,1.26,-0.03,-4.58,-2.32,-4.38,1.25,1.75
197711,9.41,6.91,1.49,2.03,4.39,4,3.73,0.26
197712,1.43,4.04,4.41,-1.1,-2.66,0.27,1.32,-0.29
197801,-7.16,-8.2,-4.56,-6.31,-5.2,-6.01,2.24,3.36
197802,-0.69,-0.39,-3.79,1.2,2.27,-1.38,3.59,0.83
197803,9.19,9.75,6.13,5.99,-6.07,2.85,3.49,1.18
197804,12.03,9.7,8.89,8.09,13.22,7.88,0.45,-3.54
197805,7.27,4.91,3.41,-1.15,-3.43,1.76,4.56,-0.52
197806,-0.9,-0.38,-6.18,-2.9,-1.06,-1.69,1.66,0.57
197807,7.5,7.05,8.14,3.87,2.42,5.11,0.23,-1.15
197808,6.47,7.29,0.49,2.41,-0.81,3.75,5.06,-0.51
197809,-4.19,-3.05,1.26,0.85,0.71,-1.43,-0.43,1.89
197810,-18.04,-13.37,-11.95,-10.53,-17.91,-11.91,-9.86,1.38
197811,7.04,2.77,1.28,0.5,6.59,2.71,2.97,-2.15
197812,2.15,2.59,0.19,-0.41,-2.04,0.88,1.29,-2.13
197901,5.39,6.71,13.51,5.83,9.93,4.23,3.62,2.19
197902,-6.42,-3.52,-3.69,-3.68,-0.52,-3.56,0.45,1.17
197903,7.44,3.34,9.14,6.68,16.55,5.68,3.26,-0.71
197904,2.37,1.69,-0.7,2.45,-7.32,-0.06,2.15,1.12
197905,-2.05,-2.65,-2.59,-1.5,6.66,-2.21,0.21,1.31
197906,2.23,2.14,2.16,2.68,14.34,3.85,1.17,1.44
197907,4.06,3.21,4.46,0.77,-3.26,0.82,1.28,1.86
197908,5.81,8.05,7.17,5.11,3.23,5.53,2.05,-1.58
197909,2.17,0.54,2.51,2,3.18,-0.82,-0.27,-0.9
197910,-8.9,-7.12,-11.61,-11.43,-16.29,-8.1,-3.37,-1.84
197911,7.35,2.8,0.74,-3.47,18.3,5.21,2.87,-3.29
197912,8.72,5.21,8.24,1.15,5.81,1.79,4.17,-2.1
198001,6.66,3.89,17.57,9.87,8.11,5.51,1.62,1.75
198002,-3.58,-6.35,0.13,-6.33,-0.91,-1.22,-1.85,0.61
198003,-8.73,-11.57,-18.64,-9.99,-21.05,-12.9,-6.64,-1.01
198004,4.29,2.82,2.31,-2.5,2.36,3.97,1.05,1.06
198005,4.67,9.73,5.17,3.17,16.01,5.26,2.13,0.38
198006,0.22,2.82,2.4,1.81,6.32,3.06,1.66,-0.76
198007,8.57,10.98,12.76,12.83,6.45,6.49,4.14,-6.41
198008,3.92,4.98,1.11,3.23,0.11,1.8,3.92,-2.6
198009,3.59,4.19,4.58,1.88,7.2,2.19,0.98,-4.59
198010,0.43,-0.69,-1.03,-4.24,0.76,1.06,2.47,-2.76
198011,17.44,3.69,5.55,-0.92,14.62,9.59,-3.36,-8.33
198012,-3.71,1.39,-4.32,-0.07,-9.69,-4.52,-0.26,2.79
198101,-4.18,-1.1,0.71,-1.19,-8.06,-5.04,2.92,6.72
198102,3.56,2.39,2.57,6.88,-0.67,0.57,-0.34,1.02
198103,13.63,8.04,19.93,7.72,4.36,3.56,3.54,0.64
198104,2.1,5.56,-1.59,1.73,-6.45,-2.11,4.4,2.28
198105,6.05,4.9,-0.09,2.88,0.34,0.11,2,-0.42
198106,-6.7,-0.82,-6.35,-2.73,1.14,-2.36,-0.83,5.13
198107,-6.97,-2.11,0.15,-3.44,9.09,-1.54,-2.19,-0.5
198108,-6.04,-4.07,-7.37,-8.92,-12.37,-7.04,-1.95,4.76
198109,-1.82,-4.95,-9.43,-3.95,-8.75,-7.17,-2.65,5.17
198110,11.51,8.8,1.37,-8.7,13.92,4.92,2.23,-4.21
198111,0.6,5.27,4.4,2.86,5.4,3.36,-1.03,1.83
198112,-1.46,-3.1,-2.69,3.23,-5.89,-3.65,1.2,0.81
198201,4.45,-4.42,-8.86,-0.99,-7.52,-3.24,-1.28,3.19
198202,-6.16,-1.42,-4.7,-3.29,-12.93,-5.86,0.44,6.05
198203,5.16,-0.1,-5.15,4.46,-6.59,-1.87,-0.21,3.81
198204,4,5.09,1.6,5.08,3.36,3.27,1.47,-2.7
198205,-5.54,-5.39,-6.93,-0.08,-10.13,-3.99,0.52,1.75
198206,1.85,-0.23,-6.85,3.86,-5.8,-3.09,-0.4,1.53
198207,-0.95,-1.5,-4.57,-3.71,-10.7,-3.19,0.83,0.09
198208,2.89,11.92,13.33,15.6,10.77,11.14,-4.14,0.95
198209,-0.31,8.5,-5.18,-1.51,-2.59,1.29,2.95,0.28
198210,20.45,16.16,9.25,17.26,9.21,11.3,2.34,-3.66
198211,7.96,10.61,3.65,8.42,-0.37,4.67,4.67,-1.87
198212,-13.73,3.59,5.72,5.93,1.41,0.55,-0.22,-0.02
198301,4.96,-3.05,8.11,2.35,7.1,3.6,2.73,-0.75
198302,9.35,8.51,3.89,0.5,-7.96,2.59,3.27,0.7
198303,-3.81,8.63,2.94,-0.91,-0.08,2.82,1.73,2.02
198304,5.21,8.86,3.05,15.88,2.68,6.67,0.5,0.49
198305,6.57,0.2,9.57,-1.39,11.28,0.52,6.24,-1.4
198306,5.4,6.08,-2.02,10.33,9.04,3.07,0.95,-3.9
198307,-6.3,-4.06,-0.81,-2.12,-1.39,-4.07,1.5,5.62
198308,-2.17,-2.06,7.77,-3.05,1.15,-0.5,-4.28,5.54
198309,2.34,3.73,-2.58,4.65,4.15,0.91,0.61,1.01
198310,-4.68,-5.19,-5.25,1.8,-6.74,-3.44,-3.57,4.97
198311,2.2,2.65,9.52,0.26,3.26,2.16,2.01,-0.72
198312,3.06,-2.16,1.08,0.64,-6.12,-1.78,-0.27,1.73
198401,-2.97,-4.8,-1.96,-3.94,0.84,-1.92,-0.38,7.58
198402,-7.69,-7.79,-7.63,-6.7,-4.67,-4.82,-1.69,3.33
198403,6.93,5.81,5.82,-2.39,2.54,0.63,0.07,0.46
198404,-1.31,2.32,-5.59,1.12,2.13,-0.51,-1.16,1.2
198405,-5.8,-2.96,-9.48,-6.11,-3.46,-5.97,0.06,0.31
198406,-0.2,8.05,-1.5,4,-4.78,1.82,-0.3,-2.66
198407,-1.92,-1.03,-9.23,4.06,-9.49,-2.74,-2.21,0.36
198408,11.5,11.33,14.02,9.71,12.63,10.28,-0.24,-1.82
198409,-3.84,-1.56,-3.38,2.36,0.14,-0.8,0.17,5.28
198410,-2.42,-0.72,-1.84,2.1,-8.86,-0.84,-1.23,0.45
198411,-3.21,1,-1.2,-2.81,3.82,-1.76,-0.65,4.06
198412,1.31,4.9,2.2,4.52,-4.64,1.84,-0.56,-0.26
198501,13.96,11.5,10.6,8.89,8.5,7.99,3.31,-5.35
198502,2.81,1.96,-0.42,-2.31,-0.98,1.22,0.79,-0.1
198503,0.84,3.96,-3.34,-4.93,-3.4,-0.84,-1.08,4.07
198504,-0.7,0.41,-4.88,-4.3,-2.42,-0.96,0.14,3.72
198505,5.97,7.21,1.59,7.47,5.4,5.09,-2.22,-0.96
198506,6.97,2.15,-0.74,0.68,-4.83,1.27,0.52,0.38
198507,-0.82,-3.45,7.83,1.07,3.65,-0.74,2.84,-1.62
198508,3.32,-1.81,-1.9,-1.53,1.69,-1.02,-0.3,2.32
198509,-3.2,-5.25,-4.49,-2.43,0.4,-4.54,-1.59,1.29
198510,3.95,3.83,-4.37,1.64,2.07,4.02,-1.51,0.75
198511,6.49,7.24,6.01,8.12,2.34,6.48,0.25,-2.85
198512,4.77,6.83,2.74,5.5,-2.97,3.88,-0.51,-1.54
198601,3.32,0,2.73,4.8,-2.51,0.65,1.21,0.44
198602,9.31,12.96,5.3,10.86,-2.69,7.13,-0.54,-0.72
198603,6.34,6.22,3.94,10.73,12.2,4.88,-0.59,-0.39
198604,6.67,-1.15,-5.46,-7.73,-4.97,-1.31,2.78,-2.87
198605,4.89,10.68,1.62,3.29,1.69,4.62,-1.35,-0.21
198606,2.83,2.39,-3.48,-0.41,-3.67,1.03,-0.96,1.28
198607,-12.79,-8,-16.34,-8.44,-3.54,-6.45,-3.36,4.7
198608,1.53,2.64,9.74,7.48,9.09,6.07,-4.17,3.51
198609,-10.15,-10.66,4.77,-6.91,-4.67,-8.6,2.36,3.22
198610,6.75,6.14,3.84,8.95,-1.07,4.66,-2.5,-1.42
198611,-3.2,0.81,-7.32,1.92,2.3,1.17,-1.91,-0.07
198612,-5.08,-2.43,-2.45,-4.65,-4.46,-3.27,0.13,0.36
198701,19.32,13.66,13,19.17,6.56,12.47,-1.81,-3.16
198702,9.34,9.68,7.37,3.33,-0.16,4.39,3.49,-5.91
198703,2.28,-0.37,8.43,6.94,-0.57,1.64,0.45,1.61
198704,2.56,-4.13,3.13,8.13,-1.13,-2.11,-1.69,-0.39
198705,-0.29,4.14,4.37,-2.55,4.67,0.11,-0.5,0.23
198706,5.08,8.24,3.6,2.18,1.87,3.94,-2.12,1.04
198707,5.96,8.63,19.42,6.48,5.43,3.85,-0.69,0.68
198708,5.7,-0.48,-4.32,4.84,5.54,3.52,-0.77,-0.93
198709,-2.12,-2.96,4.05,-7.04,-5.86,-2.59,0.54,0.27
198710,-32.86,-22.76,-30.65,-28.11,-30.26,-23.24,-8.43,4.24
198711,-8.08,-8.12,2.57,-5.99,-2.85,-7.77,2.72,2.95
198712,13.44,8.76,10.62,9.37,10.88,6.81,0.13,-4.43
198801,-0.88,1.94,-3.41,7.34,0.15,4.21,-0.72,5.01
198802,10.39,7.17,9.58,7.69,8.9,4.75,3.34,-1.71
198803,-3.31,-4.57,-3.51,0.9,5.17,-2.27,6.15,0.73
198804,2.85,-0.84,5.71,3.68,6.14,0.56,1,1.67
198805,-0.7,0.29,-0.59,1.34,-0.08,-0.29,-2.6,2.42
198806,8.45,6.06,6.52,8.37,0.3,4.79,2.11,-1.24
198807,-0.49,-0.16,1.49,-0.55,-3.5,-1.25,-0.25,2.22
198808,-3.81,-3.3,-4.98,-6.51,-5.09,-3.31,0.04,2.15
198809,3.09,7.06,0.78,3.8,3.56,3.3,-1.31,-0.75
198810,1.91,1.36,4.31,4.46,1.95,1.15,-2.93,2.05
198811,-4.31,-3.9,-1.82,-0.1,-6.04,-2.29,-1.72,1.41
198812,4.97,3.01,4.06,-0.43,1.76,1.49,1.95,-1.69
198901,9.25,7.58,11.94,8.37,16.57,6.1,-2.23,0.6
198902,1.42,-3.04,-3.61,-4.52,-0.91,-2.25,2.82,1.01
198903,7.68,3.15,-1.94,-2.56,3.32,1.57,0.67,0.58
198904,7.48,7.33,3.34,-0.46,7.83,4.33,-0.68,-1.42
198905,6.1,1.99,1.17,1.42,-0.75,3.35,-0.05,-0.88
198906,4.65,5.61,-3.83,0.63,-1.16,-1.35,-1.02,2.25
198907,8.82,6.27,6.64,4.29,2.55,7.2,-4.14,-2.79
198908,1.86,-1.1,7.96,8,8.45,1.44,0.56,0.6
198909,2.14,-2.69,-2.4,-5.67,0.68,-0.76,0.32,-1.27
198910,-2.32,-7.51,-9.21,-6.6,-5.24,-3.67,-3.23,-1.11
198911,1.67,-0.72,2.33,-1.93,6.36,1.03,-1.24,-1.09
198912,-6.67,0.62,0.59,-2.39,3.38,1.16,-2.36,0.16
199001,-10.8,-9.49,-8.79,-3.39,-3.03,-7.85,-1.24,0.85
199002,1.75,-0.42,3.31,6.09,7.21,1.11,0.99,0.64
199003,1.68,-0.49,6.29,3.56,5.57,1.83,1.5,-2.92
199004,0.47,-6.29,-7.02,-4.51,-9.08,-3.36,-0.46,-2.59
199005,13.16,9.77,7.37,8.01,13.16,8.42,-2.53,-3.83
199006,-3.79,-1.21,-1.46,-2.93,-6.66,-1.09,1.4,-1.93
199007,-7.84,-5.53,5.66,-2.69,-0.9,-1.9,-3.12,-0.03
199008,-15.31,-9.42,-10.22,-14.64,-11.01,-10.15,-3.57,1.64
199009,-3.95,-6.37,-6.12,-11.04,3.44,-6.12,-3.65,0.64
199010,-1.35,-3.83,-11.43,-2.69,-9.5,-1.92,-5.57,0.1
199011,12.19,10.43,2.93,2.93,-4.43,6.35,0.43,-3.1
199012,2.84,6,8,-1.26,2.09,2.46,0.81,-1.7
199101,5.65,8.87,8.14,7.34,-3.9,4.69,3.81,-1.6
199102,10.94,3.43,6.66,10.46,13.17,7.19,3.95,-0.58
199103,-1.56,1.2,0.51,-0.55,-3.67,2.65,3.93,-1.39
199104,-2.88,2.46,-0.14,-2.72,6.12,-0.28,0.48,1.5
199105,3.95,4.52,4.23,15.99,-7.35,3.65,-0.4,-0.52
199106,-4.29,-7.36,-4.72,-2.76,3.56,-4.94,0.13,1.15
199107,4.36,1.91,4.46,-1.36,-1.28,4.24,-0.92,-1.32
199108,-0.14,2.17,0.79,-3.48,3.73,2.32,1.58,-0.78
199109,-0.26,-4.13,-3.32,-2.32,-0.39,-1.59,1.64,-1.08
199110,2.68,0.37,-0.95,-2.38,4.84,1.29,0.81,-0.47
199111,-6.93,-4.8,-7.66,-8.77,-10.96,-4.19,-0.5,-1.89
199112,8.06,12.24,7,5.95,0.89,10.84,-2.24,-4.17
199201,11.59,2.46,3.25,10.71,-9.38,-0.59,8.46,4.71
199202,10.41,5.63,7.04,14.41,6.65,1.09,0.87,6.47
199203,-1.33,-0.98,-1.29,1.43,-4.9,-2.66,-1.04,3.56
199204,-1.97,4.99,3.7,11.16,-5.46,1.07,-6.06,4.34
199205,2,-0.15,0.96,-1.89,-0.34,0.3,0.41,1.19
199206,-3.63,-3.29,1.95,4.52,-9.72,-2.34,-3.07,3.24
199207,1.76,3.06,-0.14,-0.93,6.41,3.77,-0.47,-0.56
199208,-2.23,-1.1,-9.14,-11.07,-1.2,-2.38,-0.13,-1.1
199209,5.58,-0.63,-0.49,-1.78,13.17,1.19,0.54,-0.26
199210,4.18,0.83,1.54,0.29,0.02,1.02,2.09,-1.98
199211,7.78,7.24,7.07,8.14,-10.49,4.13,3.76,-1.35
199212,2.48,-0.57,4.04,3.18,-0.15,1.53,1.69,2.62
199301,6.24,2.93,6.53,9.76,-3.65,0.93,1.89,5.94
199302,-4.5,0,-0.52,-0.05,-1.91,0.12,-3.48,6.42
199303,4.01,1.18,-0.78,6.14,-1.9,2.3,0.24,1.18
199304,-2.87,-2.19,-2.21,3.91,-4.69,-3.05,-0.67,2.49
199305,10.82,2.28,4.15,0.41,8.68,2.89,2.04,-3.42
199306,-1.53,-1.15,1.3,4.01,-8.86,0.31,-0.29,2.75
199307,-1.4,0.91,-2.11,2.51,6.94,-0.34,0.96,2.85
199308,7.34,3.44,2.88,-0.83,5.92,3.71,0.13,0.13
199309,6.64,-1.12,-4.39,0.93,6.55,-0.12,3.04,-0.31
199310,2.98,7.23,4.23,9.44,-0.83,1.41,2.03,-2.76
199311,-2.85,0.14,0.41,1.56,-0.2,-1.89,-1.25,-0.74
199312,0.49,3.62,6.73,4.43,4.76,1.65,1.23,0.32
199401,4.36,-0.61,10.39,8.79,-3.36,2.87,0.34,1.15
199402,-0.83,-3.04,-3.07,-4.97,-2.03,-2.55,2.8,-1.54
199403,-9.09,-4.41,-5.64,-6.88,-9.92,-4.78,-1.08,1.6
199404,-2.78,-1.46,-0.94,-0.07,-0.38,0.68,-0.93,1.66
199405,1.5,1.11,3.5,-1.96,-1.77,0.58,-2.15,0.67
199406,-4.14,-4.25,0.86,-3.42,5.55,-3.03,-0.41,1.67
199407,2.23,1.88,6.56,4.14,-2.35,2.82,-1.81,0.58
199408,3.73,3.58,5.29,-1.69,3.78,4.01,1.45,-2.51
199409,-3.38,-3.06,0.63,-5.52,-1.13,-2.31,3.14,-1.89
199410,0.54,0.98,-3.72,-1.54,-4.24,1.34,-2.24,-1.62
199411,-1.59,-2.47,-8.47,-5.04,-8.37,-4.04,0.25,-0.7
199412,2.58,2.69,4.41,4.76,2.69,0.86,0.22,-0.13
199501,6.09,0.35,-6.05,-6.09,-0.58,1.8,-3.5,2.57
199502,4,5.74,3.44,4.96,-6.35,3.63,-0.66,1.08
199503,4.09,1.26,2.24,1.67,6.32,2.19,-0.16,-2.15
199504,1.64,-2.06,0.15,2.52,0.49,2.11,-0.49,1.71
199505,2.32,4.06,1.67,5.48,3.4,2.9,-2.55,2.29
199506,0.93,2.66,6.63,1.02,4.01,2.72,3.18,-2.54
199507,4.19,3.31,6.47,2.41,-1.23,3.72,2.07,-1.62
199508,-0.17,2.33,-0.06,0.33,4.18,0.55,1.35,2.79
199509,-1.85,2.57,-4.11,-0.39,1.98,3.35,-2.2,-0.04
199510,-3.27,-3.28,-5.94,-5.39,-13.2,-1.52,-3.78,-0.5
199511,2.16,6.66,8.11,5.42,-0.93,3.96,-1.09,0.51
199512,-1.75,1.3,-0.41,4.59,7.43,1.03,0.7,0.22
199601,4.72,-0.55,3.9,3.12,-2.34,2.26,-2.73,0.38
199602,1.77,2.33,-0.71,1.74,1.81,1.33,1.79,-1.08
199603,1.14,0.28,5.43,5.91,4.53,0.73,1.49,0.35
199604,2.39,2.94,1.98,2.98,0.64,2.06,5.23,-4.02
199605,2.81,3.4,-0.12,1.4,15.76,2.36,3.17,-0.83
199606,-2.59,-0.67,-5.56,-5.29,9.37,-1.14,-4.01,2.35
199607,-11.68,-6.92,-5.72,-4.28,-8.38,-5.97,-4.31,5.14
199608,0.43,3.48,5.76,3.2,1.17,2.77,2.44,-0.74
199609,7.78,2.16,2.05,-0.61,10.34,5.01,-0.98,-2.72
199610,-1.29,0.38,-0.8,4.92,1.04,0.86,-4.44,4.94
199611,8.57,5.54,8.02,6.49,4.07,6.25,-4.02,1.39
199612,-6.37,-2.26,-1.48,-2.42,11.32,-1.7,3.16,1.31
199701,3.59,0.88,4.91,3.49,12.29,4.99,-1.95,-1.42
199702,-0.06,2.5,0.52,0.21,-3.25,-0.49,-3.22,5.67
199703,-3.01,0.7,-4.61,-4.04,-5.4,-5.03,-0.36,3.39
199704,3.65,-0.89,2.1,4.3,6.74,4.04,-5.77,0.07
199705,5.05,7.01,8.1,6.06,-4.66,6.74,5.19,-4.13
199706,1.15,6.04,4.32,3.11,2.87,4.1,1.22,1.58
199707,1.71,4.85,10.35,8.06,10.79,7.33,-2.74,0.26
199708,-2.5,-2.49,-1.84,1.3,-5.22,-4.15,7.28,1.18
199709,5.16,7.11,1.19,5.69,-4.37,5.35,2.53,0.37
199710,-0.14,-1.06,-7.7,-3.78,-17.2,-3.8,-0.73,2.27
199711,7.38,4.05,-3.46,-2.17,-7.03,2.98,-5.12,1.2
199712,2.51,6.18,1.7,4.66,3.59,1.32,-2.48,3.84
199801,6.27,-0.63,2.37,0.76,-10.72,0.15,-1.07,-1.63
199802,5.95,6.12,5.82,12.35,8.77,7.04,0.32,-0.85
199803,-0.34,5.47,3.37,6.08,5.65,4.76,-1.14,1.39
199804,8.49,1.6,3.57,1.53,0.94,0.73,0.07,0.94
199805,-6.45,-0.82,-7.23,9.65,-1.67,-3.07,-3.38,3.44
199806,-2.31,5.89,-1.73,2.24,-2.22,3.18,-3.21,-1.96
199807,-2.45,-2.82,-6.33,-0.83,8.4,-2.46,-4.91,-1.78
199808,-22.68,-10.48,-18.5,-19.58,-24.55,-16.08,-5.69,3.53
199809,-1.26,-0.33,9.15,2.03,5.11,6.15,0.09,-3.42
199810,7.11,7.66,8.22,11.19,3.01,7.13,-3.12,-2.23
199811,12.59,8.43,-2.1,5.43,6.12,6.1,1.23,-3.25
199812,-3.08,9.48,-0.77,3.72,22.5,6.16,-0.5,-4.19
199901,8.24,-0.72,3.69,7.55,19.06,3.5,0.75,-4.6
199902,4.82,-0.43,-5.29,-5.27,6.25,-4.08,-6.08,1.92
199903,-4.9,2.84,-2.54,-0.78,29.82,3.45,-3.8,-2.74
199904,4.82,5.79,30.67,9.86,22.92,4.33,3.91,2.46
199905,-5.37,-1.43,-7.36,-4.98,-12.22,-2.46,3.34,2.35
199906,5.59,4.15,8.8,-1.24,-23.04,4.77,3.1,-3.19
199907,-6.54,-0.53,-1.14,-7.13,-10.71,-3.49,2.6,-0.44
199908,-1.36,-9.6,-0.48,3.98,11.5,-1.38,-0.94,-1.87
199909,-2.75,1.19,-2.47,-6.92,-11.13,-2.79,3.41,-3.49
199910,1.38,10.35,1.02,2.21,24.87,6.12,-6.64,-3.37
199911,5.83,-8.23,7.29,-3.26,-1.41,3.37,7.21,-6.12
199912,7.13,12.98,22.36,2.98,19.81,7.72,7.03,-8.33
200001,2.83,-0.84,-2.42,-1.19,40.76,-4.74,5.77,-1.88
200002,-3.01,-0.36,7.23,-8.28,-3.45,2.45,21.36,-9.59
200003,10.86,12.46,3.43,9.72,-7.23,5.2,-17.2,8.13
200004,4.06,-7.48,-0.8,11.6,-15.36,-6.4,-6.68,7.26
200005,1.33,-6.09,-4.84,-14.91,-12.77,-4.42,-6.05,4.75
200006,-1.04,-0.28,16.01,-11.92,14.81,4.64,12.84,-8.42
200007,-1.71,-1.57,-6.2,4.92,11.38,-2.51,-3.07,8.31
200008,5.45,2.64,25.05,5.93,17.76,7.03,-0.61,-1.39
200009,-8.92,0.18,-12.27,-5.23,-13.73,-5.45,-1.82,7.17
200010,-3.62,-2.59,-12.15,2.96,7.16,-2.76,-3.88,5.71
200011,-12.85,-5.53,-15.68,-13.42,9.24,-10.72,-3.41,12.3
200012,1.35,11.12,1.94,-0.08,44.04,1.19,0.73,7.61
200101,15.21,2.35,6.15,15.03,-2.48,3.13,6.68,-5.07
200102,-6.29,0.34,-23.84,-0.6,23.09,-10.05,-0.78,12.47
200103,-8.28,-6.54,-8.38,-2.05,18.9,-7.26,0.25,6.42
200104,14.11,5.05,13.33,7.39,8.44,7.94,0.55,-4.67
200105,10.02,3.41,0.2,-3.28,-13.58,0.72,2.5,3.36
200106,-4.89,0.46,-7.3,4.57,-16.55,-1.94,6.24,-1.12
200107,-6.64,-0.51,-2.19,3.75,-16.49,-2.13,-4.19,5.21
200108,-0.5,-4.46,-6.18,-14.12,6.71,-6.46,2.48,2.31
200109,-17.58,-8.28,-22.05,-17.88,-15.69,-9.25,-6.23,1.45
200110,8.13,-0.19,2.43,-2.26,30,2.46,7.48,-7.65
200111,11.08,9.82,15.75,17.85,-14.02,7.54,-0.47,2.21
200112,5.4,3.66,-2.62,-3.87,10.21,1.6,4.74,0.84
200201,5.63,0.39,-0.25,3.27,-9.45,-1.44,1.19,3.44
200202,1.08,6.99,0.02,5.77,-1.23,-2.29,-1.01,2.16
200203,8.85,4.99,6.04,7.83,14.89,4.24,4.21,1.06
200204,3.9,-2.19,-7.11,1.57,-6.45,-5.2,5.96,3.88
200205,-4.05,-0.5,0.28,0.86,5.57,-1.38,-3.21,1.53
200206,-6.94,-3.99,-5.3,-9.44,-6.13,-7.21,4.29,-0.05
200207,-14.7,-5.18,-20.38,-12.89,-30.2,-8.18,-5.28,-3.85
200208,5,3.52,-4.88,-1.67,9.83,0.5,-2.86,3.28
200209,-5.25,-3.78,-18.47,-13.47,-8.14,-10.35,2.41,1.45
200210,11.15,5.64,6.42,-9.45,4.16,7.84,-3.42,-3.94
200211,9.48,-1.19,18.18,17.7,10.31,5.96,3.19,-1.26
200212,-13.23,-1.06,-10.27,-8.93,12.11,-5.76,0.08,2.14
200301,-8.1,1.18,-4.76,-2.58,-14.24,-2.57,1.32,-0.81
200302,-2.19,-4.79,2.25,-6.28,14.54,-1.88,-0.46,-1.37
200303,0.4,-2.2,-3.25,-3.83,-3.5,1.09,1.02,-1.94
200304,14.72,8.11,10.22,18.94,2.28,8.22,0.62,1.15
200305,6.82,6.48,13.13,3.77,25.44,6.05,4.67,0.39
200306,4.98,-1.53,2.15,3.27,0.71,1.42,1.74,0.11
200307,-0.62,-1.08,6.92,6.14,-12.55,2.35,5.06,-1.24
200308,4.58,0.7,4.62,8.49,7.5,2.34,2.59,1.53
200309,-2.93,-0.09,-3.16,-5.04,-2.34,-1.24,0.79,0.17
200310,4.61,7.51,19.21,9,9.76,6.08,2.69,1.97
200311,5.1,2.08,3.56,3.79,1.59,1.35,2.08,1.78
200312,5.9,3.01,10.65,15.47,26.47,4.29,-2.67,1.6
200401,0.21,1.2,0.05,-3.31,-7.38,2.15,2.55,2.49
200402,1.43,1.06,6.35,-1.43,7.11,1.4,-1.57,0.88
200403,1.4,-0.14,-4.51,-1.91,6.95,-1.32,1.72,0.27
200404,-2.35,-0.2,-8.7,3.51,2.92,-1.83,-1.7,-3.07
200405,0.92,0.47,5.85,-2.94,6.63,1.17,-0.2,-0.25
200406,3.48,-2,9.36,5.26,13.81,1.86,2.26,1.18
200407,-6.59,-4.35,-0.19,-3.66,-1.5,-4.06,-3.82,3.24
200408,-1.28,0.02,-0.27,-3.39,-5.01,0.08,-1.48,0.97
200409,4.63,1.27,7.86,2.09,8.78,1.6,3.01,0
200410,2.7,2.31,-3.62,-4.31,-0.12,1.43,0.15,-0.22
200411,6.94,2.74,12.97,8.08,25.65,4.54,3.74,1.41
200412,7.79,1.19,-1.72,5.01,-3.02,3.43,-0.03,-0.22
200501,-4.69,-3.38,-0.39,-8,4.55,-2.76,-1.72,2.06
200502,-0.95,0.1,9.82,-0.33,14.19,1.89,-0.57,1.54
200503,-0.79,-1.44,-7.53,-8.57,-3.58,-1.97,-1.4,2.04
200504,-4.91,-2.61,-9.91,-11.24,-6.08,-2.61,-3.94,0.07
200505,4.52,-0.85,0.21,10.32,10.33,3.65,2.88,-0.64
200506,-0.89,-0.28,-3.01,3,7.29,0.57,2.58,2.83
200507,4.09,2.47,13.15,7.56,20.92,3.92,2.91,-0.79
200508,-0.85,0.65,-0.76,-4.13,8.77,-1.22,-0.97,1.32
200509,-1.48,-3.31,3.08,-6.48,9.49,0.49,-0.65,0.71
200510,-2.67,-6.95,-4.33,-6.61,-9.74,-2.02,-1.25,0.42
200511,5.74,3.09,12.83,-1.03,0.66,3.61,1,-1.16
200512,-2.73,0.65,3.67,-1.51,1.52,-0.25,-0.42,0.2
200601,4.86,0.41,14.93,5.05,15.14,3.04,5.4,1.08
200602,0.37,2.18,-2.94,-2.46,-8.53,-0.3,-0.38,-0.34
200603,3.69,0.89,12.14,2.49,5.81,1.46,3.44,0.6
200604,2.27,-0.32,7.67,-1.08,20.78,0.73,-1.42,2.34
200605,-1.47,2.46,-4.59,2.56,-1.63,-3.57,-2.96,2.41
200606,0.73,0.2,2.89,1.79,-6.06,-0.35,-0.39,0.85
200607,-7.15,-1.85,-4.15,-3.74,-12.59,-0.78,-3.98,2.6
200608,2.48,4.25,-2.6,3.12,-10.42,2.03,1.03,-2.06
200609,4.9,1.09,0.17,3.34,-15.05,1.84,-1.36,0.08
200610,8.74,5.69,11.05,3.89,14.5,3.23,1.75,-0.31
200611,4.77,2.21,8.83,1.02,5.85,1.71,0.7,0.14
200612,4.27,1.78,-2.7,1.54,-12.65,0.87,-1.15,2.73
200701,6.23,-0.5,9.91,6.11,1.51,1.4,0.12,-0.68
200702,-4.5,0,2.66,0.91,1.93,-1.96,1.19,-0.14
200703,-0.08,-1.33,6.31,2.5,2.4,0.68,0.16,-0.97
200704,1.67,2.86,3.34,5.83,14.41,3.49,-2.16,-1.45
200705,1.47,6.45,10.52,3.98,13.28,3.24,0.24,-0.65
200706,-1.82,-2.61,-3.5,5.14,-8.56,-1.96,0.75,-1.05
200707,-1.82,-7.71,-2.68,-7.87,-13.81,-3.73,-2.61,-3.71
200708,3.16,-6.98,-2.66,-1.49,-1.06,0.92,-0.13,-1.86
200709,10.05,-1.27,8.54,6.03,13.61,3.22,-2.23,-2.21
200710,-0.11,0.82,2.53,0.52,19.18,1.8,0.08,-2.98
200711,-8.38,-8.27,-5.93,-13.39,3.92,-4.83,-2.93,-0.94
200712,-4.14,-1.8,1.06,-2.66,13.81,-0.87,0.13,-0.55
200801,-9.6,-6.9,-10.94,-4.6,-3.19,-6.36,-1.03,3.97
200802,-6.05,-9.27,6.78,-6.83,8.69,-3.09,-0.43,-0.84
200803,-2.1,-5.33,-0.51,-3.89,-7.65,-0.93,0.71,0.3
200804,-0.89,2.37,7.37,13.85,21.06,4.6,-1.72,-0.94
200805,-0.61,1.2,8.52,-2.96,23.59,1.86,2.96,-1.43
200806,-19.57,-11.37,-7.33,-22.86,21.14,-8.44,1.23,-2.71
200807,0.07,-5.62,-11.68,-3.73,-22.94,-0.77,2.6,5.42
200808,3.72,3.97,-6.88,0.12,-6.19,1.53,3.6,1.59
200809,-14.61,-13.52,-30.96,-10.78,-38.05,-9.24,-1.23,5.91
200810,-30.25,-26.13,-32.41,-36.41,-29.31,-17.23,-2.6,-2.3
200811,-21.16,-12.47,-12.21,-6.2,-29.26,-7.86,-2.85,-6.31
200812,9.19,-1.13,16.36,-3.05,-4.32,1.74,3.46,0.14
200901,-12.9,-13.18,-16.64,-9.94,2.13,-8.12,0.07,-11.29
200902,-15.45,-14.01,-19.26,-10.17,-4.94,-10.1,0.05,-6.95
200903,7.63,6.97,12.32,12.04,0.27,8.95,0.03,3.47
200904,36.31,33.06,25.89,49.45,15.2,10.18,5.39,5.36
200905,7.23,1.26,9.56,-3.41,35.16,5.21,-2.52,0.28
200906,-4.19,-2.78,3.36,5.29,-12.08,0.43,2.63,-2.73
200907,14.52,16.33,3.76,16.37,15.47,7.72,1.87,4.83
200908,9.53,9.13,3.65,1.69,1.36,3.33,-1.08,7.63
200909,10.48,1.04,6.45,2.58,16.27,4.08,2.43,1.04
200910,-9.63,-1.66,-12.11,-2.51,-0.02,-2.59,-4.35,-4.21
200911,7.98,3.45,7.5,11.06,10.57,5.56,-2.4,-0.34
200912,0.21,15.35,15.7,6.37,7.3,2.75,6.05,-0.16
201001,1.69,1.26,-12.49,0.96,-7.26,-3.36,0.4,0.43
201002,5.5,-1.88,4.48,6.76,10.62,3.4,1.19,3.22
201003,12.75,5.49,11.99,8.83,1.95,6.31,1.48,2.21
201004,11.95,1.84,-2.94,4.73,-1.97,2,4.87,2.89
201005,-7.31,-10.18,-7.47,-10.05,-15.11,-7.89,0.09,-2.44
201006,-9.29,-8.47,-13.29,-9.83,-9.34,-5.57,-1.81,-4.7
201007,7.78,5.34,8.26,16.34,14.16,6.93,0.2,-0.31
201008,-1.28,-10.04,-8.75,-10.51,-6.39,-4.77,-3,-1.9
201009,14.33,12.83,12.16,14.09,13.56,9.54,3.96,-3.16
201010,12.71,7.32,4.66,9.69,6.85,3.88,1.13,-2.42
201011,7.47,-3.27,2.93,6.76,14.74,0.6,3.76,-0.96
201012,-0.58,8.32,13.31,8.34,14.6,6.82,0.73,3.69
201101,1.65,2.64,4.02,0.58,1.75,1.99,-2.5,0.82
201102,1.97,3.14,3.95,-2.43,0.17,3.49,1.53,1.27
201103,-0.56,-0.02,0.76,1.54,8.62,0.46,2.54,-1.83
201104,6.26,0.2,0.52,1.72,-2.61,2.9,-0.38,-2.43
201105,-0.51,2.45,-5.3,-3.32,-5.77,-1.27,-0.59,-2.12
201106,-1.46,-1.33,-1.95,-1.44,-7.06,-1.75,-0.12,-0.42
201107,4.17,-3.58,-6.23,-9.58,0.62,-2.35,-1.27,-0.89
201108,-5.64,-6.62,-13.21,-11.99,-19.61,-5.99,-3.05,-2.36
201109,-19.53,-8.34,-20.57,-14.08,-29.94,-7.59,-3.31,-1.73
201110,15.53,9.82,18.15,23.93,28.37,11.35,3.28,0.11
201111,-2.69,-0.55,-1.45,-7.92,-6.31,-0.28,-0.16,-0.45
201112,-4.72,3.66,-5.25,-1.69,-13.66,0.74,-0.59,1.63
201201,12.26,0.92,12.34,13.12,1.43,5.05,2.04,-0.97
201202,5.93,2.96,-2.69,5.15,-1.73,4.42,-1.85,0.43
201203,4,2.43,0.65,0.15,-12.25,3.11,-0.64,1.14
201204,-2.08,-2.51,-4.26,-7.36,2.42,-0.85,-0.42,-0.78
201205,-12.22,-8.64,-14.56,-7.64,-23.66,-6.19,0.07,-1.07
201206,0.38,7.09,4.76,-4.39,1.95,3.89,0.67,0.62
201207,-8.55,0.8,-1.32,-0.25,-10.56,0.79,-2.75,-0.02
201208,7.24,6.02,-1.21,4.14,0.31,2.55,0.47,1.3
201209,5.61,5.66,3.84,3.59,2.06,2.73,0.51,1.6
201210,1.48,-0.9,-0.78,5.93,20.5,-1.76,-1.15,3.59
201211,2.07,-2.53,2.58,3.36,-11.26,0.78,0.63,-0.84
201212,3.38,5.37,6.6,7.96,7.67,1.18,1.48,3.51
201301,13.34,5.3,4.2,1.64,-3.72,5.57,0.34,0.96
201302,-0.25,-6.96,-2.69,-0.19,-8.1,1.29,-0.27,0.11
201303,7.8,7.72,2.09,3.58,0.86,4.03,0.81,-0.19
201304,4.42,-0.19,-4.38,4.45,-5.66,1.55,-2.37,0.45
201305,2.26,4.74,3.87,11.07,0.5,2.8,1.71,2.63
201306,-3.88,2.1,-4.7,0.38,-23.2,-1.2,1.33,0.03
201307,4.86,12.2,7.04,9.69,10.54,5.65,1.87,0.57
201308,2.74,-5.21,-2.85,-1.22,3.73,-2.71,0.27,-2.69
201309,9.99,6.24,8.35,6.77,2.56,3.77,2.87,-1.22
201310,4.4,7.2,8.23,-0.14,9.9,4.18,-1.52,1.25
201311,3.24,0.55,1.69,1.71,-3.52,3.13,1.29,0.32
201312,7,7.79,6.56,1.67,7.89,2.81,-0.47,-0.02
201401,-0.91,-6.93,-5.5,-2.54,-7.61,-3.32,0.89,-2.07
201402,8.55,6.87,2.57,8.76,4.66,4.65,0.34,-0.31
201403,-5.75,-0.88,3.63,-1.13,-2.99,0.43,-1.81,4.93
201404,-3.84,-1.83,0.66,0.09,9.06,-0.19,-4.18,1.17
201405,3.18,-1.59,-1.75,1.76,-7.31,2.06,-1.88,-0.13
201406,1.92,8.87,4.87,4.1,3.87,2.61,3.09,-0.7
201407,-3.73,-1.53,2.41,-3.8,-11.15,-2.04,-4.3,0.04
201408,-1.91,2.65,6.12,4.29,4.16,4.24,0.4,-0.45
201409,-4.4,-7.14,-4.74,-10.09,-14.45,-1.97,-3.7,-1.35
201410,0.4,3.06,2.22,2.02,-6.3,2.52,4.2,-1.8
201411,-0.5,1.09,-2.33,5.24,3.97,2.55,-2.06,-3.1
201412,-4.81,1.81,-6.66,0.62,-16.48,-0.06,2.49,2.27
201501,0.2,-2.02,-9.48,-6.29,-17.48,-3.11,-0.56,-3.59
201502,5.69,9.13,3.57,8.97,15.04,6.13,0.63,-1.86
201503,-2.43,0.45,-2.88,-0.44,-18.65,-1.12,3.04,-0.38
201504,4.16,-4.1,4.08,0.15,10.79,0.59,-3.06,1.82
201505,0.74,2.16,-3.87,1.13,-17.09,1.36,0.94,-1.15
201506,1.22,-0.86,-5.35,-2.42,-23.5,-1.53,2.91,-0.79
201507,6.15,-2.54,-8.25,-3.12,-26.35,1.54,-4.17,-4.13
201508,-7.15,-8.22,-4.4,-6.1,8.09,-6.04,0.33,2.77
201509,-10,-5.06,-10.62,-2.52,-36.71,-3.07,-2.62,0.56
201510,14.75,12.01,5.9,6.01,-31.06,7.75,-1.89,-0.46
201511,-0.4,-1.27,-0.89,1.98,9.97,0.57,3.59,-0.42
201512,-1.74,-6.1,-2.64,-4.12,-7.41,-2.17,-2.85,-2.61
201601,-8.14,-5.23,-9.7,-13.27,-3.38,-5.77,-3.42,2.09
201602,4.1,-1.19,7.38,4.09,6.23,-0.07,0.74,-0.57
201603,8.9,7.18,17.74,10.6,25.38,6.96,0.82,1.19
201604,-6.42,1.96,9.86,1.61,29.64,0.91,0.76,3.28
201605,5.55,-0.73,-8.49,-2.51,1.57,1.78,-0.17,-1.66
201606,-4.48,-0.63,2.56,-7,5.26,-0.05,0.61,-1.48
201607,6.17,7.44,13.73,8.9,20.92,3.95,2.49,-1.32
201608,0.94,0.35,-7.67,-0.48,-4.53,0.49,1.16,3.18
201609,4.76,-3.94,2.46,-0.3,7.68,0.25,2.12,-1.24
201610,5.81,-10.38,-2.92,-3.26,-8.66,-2.02,-4.4,4.09
201611,3.81,7.86,21.63,6.74,20.85,4.86,5.71,8.21
201612,-3.37,2.04,-2.15,4.32,-9.64,1.82,0.1,3.53
201701,4.95,1.65,3.49,5.45,-5.31,1.94,-1.18,-2.75
201702,0.79,-0.36,9.16,0.81,-9.4,3.57,-2.05,-1.67
201703,5.86,-0.89,-6.19,-0.32,5.52,0.17,1.14,-3.35
201704,2.9,-0.68,-0.56,1.86,-11.88,1.09,0.73,-2.13
201705,3.28,-1.55,-4.6,-0.48,-5.12,1.06,-2.57,-3.78
201706,-0.18,2.73,-0.19,3.58,2.27,0.78,2.25,1.48
201707,4.97,2.47,1.31,-0.94,12.79,1.87,-1.5,-0.31
201708,-1.23,-6.28,1.67,1.9,-0.51,0.16,-1.67,-2.1
201709,3.58,3.53,3.73,7.62,1.39,2.51,4.47,3.12
201710,2.03,-1.88,2.23,2.2,2.17,2.25,-1.94,0.19
201711,3.37,10.16,-1.39,0.6,8.95,3.12,-0.54,-0.03
201712,0.78,1.16,13.21,-1.23,11.68,1.06,-1.32,0.06
201801,17.14,4.46,3.6,3.57,0.91,5.57,-3.12,-1.28
201802,0.75,-3.32,-2,-6.32,5.87,-3.65,0.26,-1.04
201803,-0.3,0.44,-5.87,-6.7,-6.49,-2.35,4.06,-0.2
201804,3.24,-0.6,3.68,0.17,-2.49,0.29,1.13,0.54
201805,8.94,-0.46,5.6,3.62,11.67,2.65,5.26,-3.22
201806,4.84,2.24,-5.14,0.67,4.07,0.48,1.14,-2.33
201807,-6.24,-4.2,4.25,-3.11,-3.1,3.19,-2.22,0.45
201808,2.58,-4.59,-3.23,-1.74,-0.7,3.44,1.15,-4
201809,-0.5,-2.18,-0.69,-5.05,-6.08,0.06,-2.29,-1.71
201810,-15.9,-6.52,-11.62,0.96,1.31,-7.68,-4.74,3.4
201811,-0.36,3.23,-2.99,3.79,-14.08,1.69,-0.68,0.28
201812,-8.38,-15.36,-14.79,-11.28,-2.09,-9.57,-2.37,-1.88
201901,19.04,14,17.09,9.77,14.24,8.4,2.88,-0.45
201902,3.94,4.29,2.27,2.67,-4.62,3.4,2.06,-2.71
201903,-0.19,-5.62,-4.66,-6.03,-1.47,1.1,-3.05,-4.12
201904,6.27,1.49,-2.64,4.23,2.86,3.97,-1.72,2.16
201905,-8.79,-9.7,-15.46,-14.44,-11.83,-6.94,-1.31,-2.37
201906,7.37,7.92,16.04,13.9,2.96,6.93,0.28,-0.7
201907,-2.16,3.44,-2.6,0.96,-11.92,1.19,-1.93,0.47
201908,-6.28,-4.51,-12.03,-8,-15.18,-2.58,-2.39,-4.79
201909,-4.41,1.29,7.09,5.73,-8.65,1.43,-0.97,6.77
201910,5.74,1.68,3.54,7.19,-11.06,2.06,0.29,-1.9
201911,6.14,-0.96,6.08,3.13,-9.79,3.88,0.78,-1.99
201912,4.21,3.22,0.78,7.51,0.65,2.77,0.73,1.78
202001,0.51,-4.75,-15.31,9.45,-23.13,-0.11,-3.13,-6.25
202002,-5.13,-6.58,-10.51,-6.24,-8.73,-8.13,1.07,-3.8
202003,-16.53,-23.01,-22.21,-24.03,-40.89,-13.39,-4.79,-13.88
202004,14.98,8.89,11.63,28.88,17.95,13.65,2.45,-1.34
202005,3.19,11.2,5.82,9.36,3.17,5.58,2.49,-4.85
202006,3.16,1.4,4.64,16.11,-6.41,2.46,2.69,-2.23
202007,5.96,4.91,2.24,20.41,6.54,5.77,-2.3,-1.44
202008,11.7,3.74,8.26,47.55,2.13,7.63,-0.28,-2.88
202009,-2.25,-4.58,-4.91,-10.5,8.21,-3.63,-0.03,-2.65
202010,-2.49,-6.27,7.31,-4.65,-18.97,-2.1,4.27,4.31
202011,13.31,23.84,19.13,36.45,15.97,12.47,5.72,2.15
202012,11.08,11.19,6.45,16.9,27.39,4.63,4.79,-1.34
202101,-1.83,4.25,-4.79,12.46,11.2,-0.03,7.5,2.85
202102,7.71,13.69,17.42,-9.99,4.87,2.78,2.07,7.1
202103,-4.21,5.19,22.29,0.98,-13.68,3.08,-2.28,7.27
202104,0.53,0.37,2.85,4.16,-0.78,4.93,-3.2,-0.95
202105,0.02,3.22,14.45,-6.51,36.76,0.29,-0.27,7.13
202106,3.52,-0.32,-6.12,5.44,6.6,2.75,1.6,-7.75
202107,-7.27,-2.6,7.2,-0.63,17.24,1.27,-3.94,-1.81
202108,5.71,0.29,3.54,2.58,22.65,2.91,-0.46,-0.1
202109,-0.83,1.31,-10.64,4.49,10.9,-4.37,0.67,5.1
202110,7.18,2.25,10.13,33.95,4.64,6.65,-2.37,-0.45
202111,-9.72,-3.36,-6.28,3.05,-18.72,-1.55,-1.32,-0.41
202112,-1.9,3.9,9.8,-5.36,14.34,3.1,-1.64,3.22
202201,-19.3,-5.51,-10.34,-9.96,0.66,-6.25,-5.96,12.8
202202,-0.91,3.53,23.9,-7.08,35.5,-2.29,2.19,3.1
202203,-4.62,0.8,15.54,16.71,25.94,3.06,-1.66,-1.76
202204,-25.39,-10.79,-6.42,-17.61,7.8,-9.46,-1.38,6.17
202205,-3.34,-7.31,-8.17,-9.75,2.15,-0.34,-1.96,8.59
202206,-11.02,-12.52,-21.15,-11.75,-10.72,-8.44,2.18,-6.1
202207,14.5,11.99,20.45,29.04,3.32,9.57,2.8,-4.03
202208,-2.73,-4.95,-1.3,-5.73,14.32,-3.77,1.4,0.29
202209,-6.05,-13.46,-18,-6.38,-9.66,-9.35,-0.82,0.02
202210,13.41,8.77,19.94,-7.5,12.31,7.83,0.07,8.06
202211,6.99,15.73,13.97,-9.44,13.49,4.61,-3.51,1.41
202212,-6.01,-7.67,-7.59,-29.99,-12.92,-6.41,-0.69,1.34
202301,18.97,11.47,22.16,30.93,3.89,6.64,5.01,-4
202302,-4.18,-4.55,2.08,11.94,1.22,-2.59,1.17,-0.83
202303,2.52,-3.89,-8.08,-0.37,-5.75,2.51,-5.51,-8.87
202304,0.34,1.56,-6.84,-16.33,-5.26,0.61,-3.36,-0.05
202305,2.2,-0.63,-8.48,15.94,-12.31,0.35,1.6,-7.74
202306,9.52,6.06,20.22,25.58,20.02,6.47,1.55,-0.2
202307,1.8,4.29,3.41,2.87,8.7,3.21,2.05,4.11
202308,-4.08,5.64,-1.57,-4.79,3.36,-2.39,-3.2,-1.08
202309,-10.84,-6.16,-4.58,-2.42,25.88,-5.24,-2.49,1.45
202310,1.1,-2.08,-4.01,-18.32,-10.1,-3.18,-3.88,0.19
202311,10.57,7.79,11.15,16.51,14.17,8.83,-0.03,1.66
202312,4.42,8.85,9.66,6.16,4.5,4.87,6.36,4.92
202401,6.79,-0.42,0.9,-18.9,7.32,0.7,-5.02,-2.47
202402,6.24,1.56,4.87,7.21,-7.2,5.07,-0.22,-3.52
202403,1.03,-0.53,5.49,-6.63,-4.22,2.83,-2.51,4.21
202404,-9.05,-5.93,-9.28,-0.23,-0.82,-4.67,-2.39,-0.52
202405,9.04,12.94,4.44,-0.86,7.34,4.34,0.78,-1.66
202406,3.79,1.23,-5.77,6.97,-9.23,2.77,-3.06,-3.31
202407,-3.14,3.02,6.66,11.98,2.64,1.24,6.8,5.73
202408,5.4,1.7,-6.85,-5.38,-7.05,1.61,-3.55,-1.12
